"full.sample.name","Timepoint","treatment","cage","PC1","PC2","PC3","PC4","PC5","PC6","PC7","PC8","PC9","PC10","PC11","PC12","PC13","PC14","PC15","PC16","PC17","PC18","PC19","PC20","PC21","PC22","PC23","PC24","PC25","PC26","PC27","PC28","PC29","PC30","PC31","PC32","PC33","PC34","PC35","PC36","PC37","PC38","PC39","PC40","PC41","PC42","PC43","PC44","PC45","PC46","PC47","PC48","PC49","PC50","PC51","PC52","PC53","PC54","PC55","PC56","PC57","PC58","PC59"
"TP1_A_1",1,"A","1",-65.6521886348386,210.81334413861,-70.0651833763852,117.826668383577,-76.7274812505889,88.210986753572,-321.797669301914,139.990305604655,-122.503487894481,75.6660716211512,-99.0476761566216,278.694405288453,-224.323709328065,102.336984958085,-157.493756119801,16.6807459721721,36.5549167598638,93.6768178339958,-177.859766623462,187.756565073338,-321.786711775668,-78.6194779430765,-25.5805834667691,-23.2982293880449,-27.977610018787,92.2837695163036,147.789931745484,48.7822817690704,-258.992002901159,-367.320038767574,-26.0811848228568,-127.440868887131,273.637771962764,84.436895413196,-59.6360399884736,-117.046648858465,-115.325523530856,-179.649273671715,-403.839586962051,202.202697255675,220.321904201638,228.572984208825,140.260303520593,-4.05812595422291,-155.429867736087,-18.5614714328462,173.839285909937,75.3656142151733,38.29196396366,20.0278969056699,70.8180665713533,-81.2938396583256,-9.98550797963104,-57.0398760764573,-80.1973863405106,136.452781105985,-141.031461077802,97.6809580228944,2.74888683864105e-12
"TP1_A_2",1,"A","2",-118.276748159771,118.322722582712,-408.171760815311,274.831313321791,81.9484928593299,-244.264532667042,274.349340930508,-41.89798210914,3.2528624633519,3.22819971758995,602.214124611219,-326.041798225068,-123.407421875978,164.725738025243,-326.794234750753,-88.9901253386111,-227.231856055801,188.264543300623,-265.955646664461,60.4349157702259,-125.621804177045,-46.82326417452,24.5644174800069,-91.3587483348149,-89.5564103063228,270.471370896777,154.050057128365,34.4634901105475,147.99275302799,195.715325391254,-77.1298730813583,-198.974279413322,-34.0353377116862,73.5625679272729,80.3335023235267,-108.945703957286,215.427151204538,60.2793141027672,-127.544834471413,-66.714530015797,-174.942836601489,80.4706208692055,-48.7589217706111,-15.7383741705222,-11.8844905650255,-17.5037309770831,45.1842932917924,-2.12421900264891,-12.4876715665052,-9.59933170902922,-235.304611822416,-296.365987535359,192.48847613202,-63.4227612982843,-18.1013441691572,-123.678852267779,125.716178111741,142.847241979839,1.82710286787333e-12
"TP1_A_3",1,"A","3",-266.414723197869,209.749081147031,89.130685685181,50.0007287726368,255.647786821375,127.450526264383,158.047680150636,-5.84215579933972,-141.094080741474,-116.733833049106,264.458302853965,94.1321804598493,-194.077105959731,-37.7269004987132,-59.4139938128927,514.459122923329,-250.356497662908,-50.4296734737518,-108.755449884752,-86.4872878459011,24.1541104817412,-389.202509380456,-295.27338961429,1.65463121253014,253.453555765942,-291.061020837076,-196.320808339715,-138.484424010945,95.0296892713466,-216.945199325537,95.6694933790856,-126.82751694366,29.3216540054382,120.533985607443,-204.303996218511,88.5173598770009,76.8442860492003,64.2890760843527,66.5904872779095,-46.0287291958253,20.2829291575165,38.3590184392067,52.4345059428846,-116.423922485555,-58.2783021476037,174.038527164663,-197.720788610374,21.0417659954837,177.137064943777,1.61873993442884,-193.412660762709,74.1645821330988,52.5798354843392,86.3300921830068,264.582108748718,139.164785322965,-51.3635366333475,66.5780753782262,-6.53920927823348e-13
"TP1_A_4",1,"A","4",-219.659644627451,443.082055782396,-138.003032173264,356.555255932328,-189.9565001054,142.436664961313,-33.7246712322901,46.7263780870953,-24.3643421158804,11.3193478296533,247.262764836718,132.212467803487,25.7041744419177,-297.953068147263,214.799447006394,-41.061465873331,236.48101705426,100.365520511761,31.742597048881,-169.885800281537,81.6011052219886,-78.7635111136297,-36.1203163991104,-33.882998964955,-436.184879454422,-228.069606454465,61.4916968425872,112.003362891424,21.8521957100916,-30.110652757362,-265.202657550884,-23.316950448543,314.594960448469,326.06558676722,69.9556758395289,35.1546189771037,122.606310017761,76.73627720306,-39.854485788489,177.880019781119,73.9272737156079,-52.0719158794456,-20.6857509433188,206.919166341315,260.181718467508,72.5118737307276,-137.992478545087,-131.934274491742,32.0716698809602,165.680034104128,48.4123698527335,57.596822327183,188.087010477518,-33.9709307189384,13.2798015519062,-78.0298905942487,28.639585978356,-209.597107488781,2.27190825831045e-11
"TP1_A_5",1,"A","5",-223.536489482359,374.552009135791,-392.187006087224,304.621812082969,-334.752714779312,-242.304303601165,159.740147718702,108.400277224915,154.035508721044,-165.942614573692,-16.8052530357339,-174.838868968302,217.229318142911,44.5120013398885,303.124637903992,29.7306172623565,84.3910960157594,-125.476078887071,-105.571122782848,257.966758639543,-277.886039701953,170.443938215695,-1.25389324121655,278.34687131187,12.1046026078452,-133.1624692333,-3.38439671318816,-16.6402346987109,79.9252863989503,6.44056161385526,84.0187953777735,264.702082425761,-243.872858429762,230.543857516611,115.931913413991,-149.636644731757,-93.8015915376185,-40.6259994604164,7.85025003880089,-47.4519047431583,-171.394974094686,147.314467867651,-84.1203383126402,65.3721992266401,-387.680740269159,15.8646480038581,-178.342561326025,1.00548185311986,164.035267832957,-21.4996836256595,135.363613745946,78.2605349547176,76.2821439613694,-63.560720572549,55.4940118657737,-138.556856177958,-189.971940055829,-13.3883630069979,-1.44797346855741e-12
"TP1_A_6",1,"A","6",-133.803835604894,390.540194129726,-111.801797856857,-154.294933591356,21.0448235280544,-149.424154359138,-133.222859568353,244.031059374383,-213.372677768544,131.49237368838,-36.0766985780358,7.07038149722742,-94.9771906093272,-72.0816803805296,-95.2348055443078,80.8478378748973,-327.36351037163,99.562435296003,101.405545904156,218.662018065672,228.50918531354,162.810953283354,122.439120879438,-291.185166203594,-99.2379346491208,-29.7307906066893,30.6213063147278,-139.898144516567,-24.7407682459481,40.4452935025568,53.5472602136912,-7.79435217967162,27.6922426923998,133.113603598313,155.217684931574,39.6950411202274,-58.8928933628778,183.804069389607,-294.528362569648,-221.495975696965,162.119853684428,-314.057867374657,29.7423288731395,-49.1108956817251,-37.5346211480983,-189.522745005089,-86.2208411518807,39.3150071828628,42.4723836358881,-337.016274890525,-122.408329091206,304.80329307241,0.843450723334172,-71.5128617479921,-95.9202386105351,-77.9117060142078,-50.078887314416,-21.6570954914478,4.55214880547283e-12
"TP1_B_1",1,"B","1",-187.566859463306,409.970100137554,656.843748708824,267.47872936112,381.633733864911,259.418634897392,18.3005349071299,-38.7212996439657,24.9872300628695,-86.3144089705539,-125.067786553565,169.587622653333,-45.2223844238552,146.91937965182,79.2016759095662,281.185057904842,9.6342153613147,109.803837112789,-95.0850923234815,71.6852841641055,-157.761782046271,22.4762744751975,98.0073494449291,122.300584056494,-154.129621537753,211.917241963835,-31.6916002180102,-48.249521290092,4.65131490563538,22.5155820149062,98.9265939151379,-162.692021819927,-186.438409413461,-124.20775832087,160.77759920126,262.323203594771,15.4602379825826,89.3045494586508,268.875171578261,-31.6676125194909,-23.2010441010608,37.7082339070682,62.2941504945647,-128.680923400069,195.616817828606,44.8405330490595,47.8965064708989,40.6688819598492,145.934315361351,-131.933859606891,68.0474948393795,-149.761046940726,162.500179179252,-162.199598817329,-244.298455503028,33.3145981746334,-249.226028570011,-159.176724352705,-1.07270256045899e-11
"TP1_B_2",1,"B","2",-118.158675160556,615.271832668965,392.321881449068,230.697480446296,94.1525339808611,133.836656187831,47.411846820184,263.520253419739,184.20857866349,48.6173568626059,132.711535861715,-186.146921559451,138.197241692003,-170.602918346594,-143.124796162544,8.457657452026,-28.9185042269816,-99.5021625527217,48.264117340664,-26.855523529625,37.2794501000863,107.319325865264,6.77789572403907,36.7526573859106,-200.425132216756,331.2094795135,-207.950036381497,372.288945920388,126.250253701038,-227.728515337945,-5.41341203727098,209.825166227608,-42.563326999908,-139.140972299787,-82.7630572940507,29.6591410541148,-47.4174171555007,-96.8793257851026,-52.2391250770841,-4.18859237507034,-152.508601123234,-46.548453362473,80.4685757333276,-54.2887932047848,-72.2098428953925,64.3623314762084,170.811166808161,-354.584287251983,-170.166235055517,94.0828361070854,-264.41815517171,177.880064612449,-115.283619492177,89.6411630599908,25.2990954936916,30.2274976676259,-120.717217595337,18.0388810998016,2.47661279505207e-11
"TP1_B_3",1,"B","3",-372.748720854432,589.332754888126,432.988702647379,-157.395703802628,145.878840955619,-390.383177266758,-15.4346073519641,139.760082437267,257.423615344355,-184.70538452185,138.105953458118,-139.124017743945,-1.96454601802844,-3.90094935883278,30.6574729631828,157.656778262866,53.6466559258243,133.065331782387,286.003448642874,25.2717151382987,-66.6428249622425,193.773652881823,-230.528715485492,-190.233482488147,49.3658973039623,158.94473154267,-150.905480667012,92.9021180928945,-27.9725606433855,174.77659522106,-29.5158972664658,-125.986583092173,206.915675082938,-352.292922087014,88.8788601860808,-16.5732516104268,36.6409330999383,-94.8596066019288,81.6549362630338,187.248192445649,132.33881134446,-40.5113083851813,197.929155643391,149.696734476135,-199.842672380743,-30.8206205855991,-177.164243446987,269.878662094789,110.148938303875,86.5003057803571,65.9002436307607,-53.1079471628668,-117.300912853805,112.709836919954,41.2664514946628,-175.855210892485,127.510079475638,-41.564548841283,-3.78131553846472e-13
"TP1_B_4",1,"B","4",69.0753603275683,67.2926742546803,99.014415856558,-65.1068010264058,90.7180182848702,-295.92295136472,140.375233048271,-103.971601369547,-365.79958426144,109.481507101912,257.727093187657,-46.2882843587958,-29.9841765599587,-149.255179891002,179.60263865849,131.681751783294,21.9831456802568,-71.6233241920893,-60.3678316713544,24.6060164183622,-228.412370189886,-43.6319808577901,25.9082921857578,-26.8575805048111,-55.6951243310892,38.2386945554134,-11.3913548511521,172.550113765857,-164.24993555118,-75.5972411165525,-72.5003208061541,35.7635916899403,113.332576346277,41.2312870548585,-166.282178164076,-18.7101896997593,28.3239859106508,7.00277878800488,201.141002085856,-238.804675082657,-54.9910082189404,-86.8249959288952,210.687795826638,-49.6450245240927,147.926961134131,182.574773305805,48.1580856886249,19.6034065207653,-184.959087773317,-110.623220281332,356.43079344571,114.605455376753,-76.8371733873555,-249.127469612027,60.4968038576183,-167.398924302653,64.8089296227465,313.643086109589,2.2877224203563e-11
"TP1_B_5",1,"B","5",-173.457488606817,271.954742993502,58.6295087316027,-34.4646725963184,15.0130960494789,-89.7725369883517,-45.9248224133395,-52.638034965921,159.672194968888,84.3673387917613,-233.801084888929,-38.4746854659664,-107.472684130823,-372.002320745126,113.876306817417,105.137738818742,169.458632730674,149.020168877707,288.009626213231,-42.1786987357579,-103.340215414629,227.671488222452,239.938881540434,-7.47125346494675,-83.5856063904933,-89.2970323852675,-108.508239196482,-417.183126681061,-47.0487391352606,-246.13222773399,-296.553523214498,-128.830904207217,-437.169816339765,28.9484972161728,-19.3598158034489,-310.301222663886,11.809090173053,-102.854177314269,-108.86858803536,8.12696166876282,-60.3468270366512,-17.8840042473431,-13.5514949869628,-36.8399485017229,247.882042575688,90.99181379523,70.5158452994751,2.19078077870137,110.456756704764,-63.8531623615039,-87.4463010178355,-165.414268303441,-162.20252723517,65.162002490255,117.198708401232,-33.577213066174,71.5576586174634,74.0170563691631,6.10069091598608e-12
"TP1_B_6",1,"B","6",-151.585818425499,333.443355137291,300.965336277118,52.9568845415497,228.578299035115,-181.049692756748,197.237683398707,37.0885745797172,51.2188910488929,367.048422332964,18.7939374616313,53.9663634986533,-54.5567120836347,-273.983294982666,339.288710189216,-233.422326583622,1.56343869310548,-340.607055295338,-463.184070798606,87.6384575653061,407.56571198526,246.028643718345,-105.584535442963,310.359099938764,218.667686497602,158.488853618853,51.3496905917432,-91.6584360832857,145.627706921468,-146.226821831404,137.62567948996,8.30172651368475,140.838451321231,-107.20397950802,-7.15878920866856,-87.9728012271406,102.870666209872,52.1410552336523,-64.7935258177233,-49.2784730728784,64.2043963375559,222.793349275662,-22.6621390637005,100.677877702452,178.266672598637,-194.725708203652,55.1200434028697,43.2087841816161,2.55483463760442,-158.501932580928,112.415004633147,-2.75272630489016,111.454358834633,169.907664414573,74.7364342232758,47.9832450111231,103.372379707023,3.081041220416,3.74786838933452e-12
"TP2_A_1",2,"A","1",-142.222904834458,143.858890015095,180.943892873358,120.009342719344,-83.9603989370632,185.893782394929,-71.7295906345891,175.303416207127,-204.001523377604,280.670844824049,-121.701181563666,119.130263289434,17.4081509735135,23.5385592145469,-4.21751883791837,160.06473173481,-119.321837340813,-140.281673846981,-3.50772895051065,-66.4666298696283,-95.9925038276615,24.3402970210394,-218.220399251659,161.066989366051,76.6795445531434,-141.414901257229,8.74455553223039,-85.1169370112807,-113.830372491558,-160.719016475092,245.016962623671,-42.1306972967141,-189.6954777548,-60.6177084070587,-26.6349982286323,-107.130165677767,-228.249494500238,209.256779596733,-67.6234908487681,-59.4053841598059,-166.602339679155,-133.70199679048,24.3202750030935,196.820566583626,-96.3894529756638,106.348364054578,80.1452948790973,85.6172329435722,-111.318538051052,263.78993740173,-88.4020049588979,13.7013917322939,102.490479751,-142.520246146198,-264.624377111786,-28.852019563739,378.408505861718,-91.6745437438861,7.32060310808247e-12
"TP2_A_2",2,"A","2",-150.54011656364,307.896692518023,-134.624228744349,325.28936398975,-104.890831230885,-0.582558576579575,53.5969564884394,99.7272683753356,153.924410668383,-49.5872762277247,43.1803920936552,-64.9078006499294,57.9432216269188,60.5221901551712,-78.6881939269383,-34.4318350241375,72.6087321618192,60.0720959929203,132.393076262464,-69.7490383248892,37.1655702133622,58.7983513798415,-15.9757030912373,-12.796764036816,-18.6299115608555,-33.5628550234339,72.8507741202335,225.517765037267,19.6806272396005,96.7451853713078,4.46826849724863,-20.4725000018238,-169.060971961824,-62.5643436872615,129.237778434303,23.6243498865068,-176.03327330654,42.0018830565694,120.644537689386,319.560553316735,45.077965393299,-145.729121811452,-153.682947861532,-87.7572611539152,3.22114779565334,-165.513821352512,40.9628004028617,-15.0658388093793,72.6108732739822,-133.909521244548,120.731424462774,60.2166606254846,88.161671411926,-223.810341705789,204.63676314704,454.178925763021,216.615833123471,175.11650861275,2.70615474473601e-12
"TP2_A_3",2,"A","3",-252.309515183262,272.221562627155,-62.4475945081328,-18.1406816174279,303.339051679342,-35.1166436456774,38.7525992418659,148.056649660223,97.0451176277612,-210.344413796203,-73.668172184835,-21.7054872713951,-74.9342344114643,21.7418274846767,140.346528288404,138.261628667109,-188.512142702038,153.617381554707,-94.0244907986405,35.3740046955435,-11.6123071637038,-312.494259347995,99.4620020051827,192.323940026726,156.377286746784,-172.844349309634,7.60711786377862,-24.589740633789,19.8500514805175,231.195888897951,154.525159504967,10.492869731494,-33.3208993203984,-26.5697226001488,-143.224834260398,-4.74368508331078,269.395439924633,106.749116332657,-87.781777162159,250.392153128142,85.7760410546718,55.5774788012391,-300.483509485075,29.8065285248919,98.3946495803807,-205.186949521383,144.195689441376,-168.57328719302,20.2968386728136,134.383946436261,63.1823045389114,83.3534147303833,-382.935222381833,-145.025626441437,-135.079388370887,-158.00939473713,-5.32174906726578,55.962266993637,-4.51651238110584e-12
"TP2_A_4",2,"A","4",-227.204761844081,-167.733372384483,-111.354649450555,159.566890588846,-319.854491338514,-54.0740734098138,-22.7508737533233,-411.59234029283,469.530460595079,332.491004230613,466.634294168043,429.031957860451,-287.411264417483,-230.735321505189,197.718265423117,-251.111450489017,41.4541594271732,9.12634589972362,-10.1862698322966,131.767884697706,-209.577312627012,26.5184673243392,-120.796517610862,-370.958993473743,-98.9242699543168,-309.081932438695,70.0968770195931,-81.403970424453,55.205148753191,95.6759557145,418.403267451756,-78.5859725449072,34.0780831721287,-265.141323890502,141.818358586903,97.3135748702393,-10.1956976719327,-138.351497965714,-52.3643062995472,-77.9169380762448,-186.486108621462,-45.3668444230471,-78.0268989289804,-119.881869075356,14.5215609940527,84.189280287928,123.742164690975,-54.0382645863001,-5.23836895141704,18.353225904086,39.0880897933196,41.80290933346,-95.9092857602366,58.1723449217428,15.7558749278941,30.2488633112384,-59.5190942765534,-42.62147580156,6.49468190816113e-13
"TP2_A_5",2,"A","5",-114.132846634499,130.623502721891,-318.720496905457,198.621609129075,-300.316040468546,-171.218898030726,145.111546572161,218.248692396814,90.7983684162303,-90.6946175041048,95.2819272467762,92.3271604206703,-40.1151494762471,-26.2411122181541,74.8885754194963,134.552980219172,2.46864523258183,133.330866060456,-141.956578562788,-40.4682277124706,91.3125713352643,-17.6645051978616,30.212899481001,50.2800825235227,-0.0802367600937766,-47.7971097327832,48.7693872958002,-143.809041066011,-22.9047176006626,25.9839991133422,-104.627152823105,-173.203138927709,-305.055597614648,18.9396261485908,-120.272734280415,270.616755523837,25.6232490038604,-182.583076739881,96.9451320945443,-286.223883383959,301.084641869336,-210.424396048464,117.31614009302,143.41905420474,-128.544906348628,-268.819605435507,21.5439226428732,-66.2450117514009,-300.674570923098,230.964180824904,124.291660308261,-138.177694106626,33.8586934049534,155.723225847492,-6.50138172445958,115.202005478757,-89.0918529029114,24.3666692885323,3.67075727453203e-13
"TP2_A_6",2,"A","6",-44.0203491202182,170.356810078904,-283.664345173336,19.9475615963019,-289.286698492743,-6.54965683508014,-71.3490819210507,216.600277256145,-437.661060946272,292.566403504538,-370.972097106076,211.640505816248,-127.250863097165,169.039270299348,-307.541754886222,22.1601503825787,-25.8701796687374,296.626677730373,-181.580449188489,-284.564609642949,149.496206393259,318.229262726103,-104.778348554157,-70.3188645307658,288.793789626142,-30.7667712497714,-264.40070731009,309.328332110186,18.2457893199801,-70.836535192531,94.3150981841511,-21.9097592962664,13.3929736143614,177.543996807239,147.388209843871,12.4992111286741,171.732277597224,4.3439537494865,9.6527938085219,45.4102294249855,-167.03599443289,-154.728923869114,-107.837864875614,-192.27257277769,-27.9468649393122,101.722464630697,15.110772015773,-66.7454734772981,-1.15063320538615,-38.3214310044231,229.516394546147,-202.794007960216,-97.1208515843024,133.12202886352,54.1991719860829,-88.2214083995506,-10.5236783543282,-108.957047183648,4.21298434506723e-12
"TP2_B_1",2,"B","1",-173.457879093325,7.57781625973683,398.820692829542,55.14858574362,-18.1389218067365,86.7871589173188,78.1042396311382,-122.928451622046,-204.989406219028,-50.5023286490323,43.598062343843,27.3400592554486,134.675321681804,221.914094075323,122.555407843894,-204.564442203563,61.9269054170506,-14.2849007189829,-85.6685456557949,379.536987190604,-165.853312800486,123.823859618436,-70.3403514789229,227.075931551403,83.2734852521694,56.3817091724451,451.932138484606,-71.2817543276667,-90.6460044654088,-67.5143263584915,-54.6211104408421,42.4875673441562,149.725784946721,-6.54490098591766,10.1692485066814,-43.1069788873376,-134.272576589094,183.174116843097,98.1312068789137,91.667138371328,170.999650522353,-355.608510765821,-230.662237109062,-197.6794572868,39.9370718189286,143.911881570157,-134.367092497494,28.0850288765004,-196.882740248051,56.3040239319345,-172.58315442309,-144.56572690345,-144.801534997354,76.4660613070739,183.722130170394,-56.8535601796649,-69.4089228479397,-41.8975942347031,-4.9522465121743e-12
"TP2_B_2",2,"B","2",-108.407143009145,259.699547231885,166.934476329816,54.3587331952437,64.5527629869798,-119.94357300434,85.9191895106059,256.58942734002,-26.8841885861848,-41.156496348481,-149.71952361262,102.712827231948,167.761644258352,-137.380148467946,-165.028333355256,-225.663555049434,36.6344981476214,-249.215797261729,147.106156583306,-286.144866173778,12.894382483119,-217.746386646427,-75.8883868075892,-118.547580737807,-11.8753167155271,-70.225881257269,217.298170126128,-29.2082516208202,69.5651635271932,-8.2898432800214,-51.3717551204246,176.808415776395,114.771995421836,43.8684487008736,-44.4712895070187,-192.546997209245,125.227943476866,-107.207798130365,105.581681194835,-43.7018837223957,-219.086881284346,-201.707591656808,-139.770799114484,-78.9773881953905,61.0392375811606,-80.1454019291369,-96.5756938563102,257.474633747798,86.7453852578091,90.8622566057388,11.2666136116518,-13.959720004053,43.1131890786773,189.390506158604,-340.250316801596,126.391287325916,-171.722672639786,262.961343186033,4.71836805737702e-12
"TP2_B_3",2,"B","3",-122.496707402233,3.74100478020672,-21.4407202932816,-113.720557913529,215.076675557412,-176.047069276154,63.2565952067827,134.217693763567,-192.737693890997,-280.683922012208,-148.78471210701,-158.124975212981,-365.225971549633,-70.6288936660071,-248.600252747979,-310.659693209178,127.603260057337,-0.0568965767354417,64.1221817040074,240.499772459119,-271.051755400134,110.135598205645,-223.356968055843,-18.8152788734679,45.8309921891725,20.7996434861376,-3.1527220077021,-217.142121381342,-115.321940700721,135.5935097876,-135.839357812548,80.2698295522393,-16.0195449755519,-39.2549500876652,-217.159557104592,-15.0481516944602,265.906721606359,-176.424686597284,94.8571204978139,-42.6562804796845,84.5520970053163,93.9236796043684,-97.3146023476585,-136.001381011741,-84.9433162443409,174.504739910169,-98.940736592684,-258.233780819896,-67.1429069151105,-128.704695576706,73.4313670840165,159.196502872218,114.809783323194,48.8323713193796,-182.540649709165,166.53019468415,188.522517992868,-193.361597563998,-2.92631576522678e-12
"TP2_B_4",2,"B","4",-9.16281680645939,51.7336636684743,-13.0645946528861,-226.10501870449,-42.0533947889395,-280.561737014546,31.3436377831223,-310.914338349322,-333.687189359941,176.038937032057,-60.7142204535069,-131.347893654588,140.272563169528,-276.221488861508,236.552081642653,126.292158408928,-42.1267167031997,4.96693040969099,-6.23438090309918,-232.698005380373,-166.669378514252,48.3961391358224,-9.64605244058375,-84.2312293715565,-3.14521688167124,44.114715260731,-158.184930431329,-58.7159514505862,-84.1066375891513,150.955096788966,152.634790029692,334.694267792554,94.5609624179078,147.498356626433,-123.844093507273,23.8974831015602,155.47882468627,-173.008505341435,-0.281429417342369,87.5812592474899,-57.5016802488105,26.2915791645707,0.496792707867863,87.1051040163739,-21.476666764487,-127.537921252137,29.9558008347347,249.501695412237,-255.874959637864,-109.64185806286,-243.955512422376,-168.528476899155,-61.4101105123153,-239.203239357618,66.2576204723857,196.660781381358,-84.7756967610011,-212.842547462307,3.01227686999757e-12
"TP2_B_5",2,"B","5",56.5325566004175,106.328326860716,6.63988754693829,18.0736712779698,-18.2434350875143,-143.342445535299,3.75910010121733,19.7824029935616,-82.6713036005103,219.364869752784,-153.868448523912,317.348127787012,-205.19940526033,-129.875490464812,-263.828160555085,-186.109924266096,21.0797668360145,208.310085890451,154.738119632518,74.7788787343354,-75.2206186059659,-49.7587369223344,296.796742871248,47.5704707779978,-163.274175585786,-30.7126079516663,-46.6557351186676,-92.9279038026677,-18.0794043005052,-57.5448482736669,-47.3955744609443,348.147221409544,107.010584029422,83.8790723057939,211.576941352889,188.267858690161,83.7200237442151,322.459628994044,361.752738660988,-141.425344148191,149.670833993507,291.975198031822,-22.5664572836266,-23.5209111723734,-180.730418618911,-32.0136025801735,207.610791635261,132.234689208351,64.2791479733662,146.263137535965,-117.596917623172,36.8597070740397,-39.0727835563461,94.8943893629586,93.6853605287135,-7.89874081634698,117.255336422549,87.3351387865488,4.50209097432874e-12
"TP2_B_6",2,"B","6",76.5385592421156,140.654084476992,70.684424361065,278.304451103409,138.727724982917,34.1103635358152,2.27277376025204,231.381894087884,-199.710253467916,30.0848498958472,-254.418230136565,207.305681821124,-99.1262107547981,263.146779236072,84.433999082931,-620.816599627724,-190.095719728432,-204.437440431605,-61.3563009725157,-114.816873262259,-49.5591555413073,-113.27889487239,206.13202094476,-117.633921280555,-207.753534551231,-5.27284746400415,-93.3377840176657,9.22199823326953,394.393116000383,231.755558047296,37.0920676999885,-318.38091887314,-64.2139987942005,154.264624426756,-388.960810265049,-56.5258008942913,-230.511265005392,-46.6396553834447,130.060014604287,64.4389650142479,27.0643562284338,-8.81760922194296,97.2949804202052,129.462321994518,-86.9071212093947,113.965056041393,77.637282159865,112.794669774145,32.4619212583848,-108.903188852631,-16.6521778123717,14.1391370644528,-109.535687688513,5.82333204740991,101.71135298736,-52.750211157682,-3.33973467836964,-86.6168575978281,9.65493700613718e-12
"TP3_A_1",3,"A","1",-25.4561336199934,-88.3154208115593,-119.184839441534,128.024810017242,-168.067666389664,400.394605952167,-386.530943354758,135.443425437553,-370.001078433626,204.744610128874,62.1381571859717,99.3193514009371,-150.067786226655,-219.324157279233,40.116530240477,96.0459623020042,34.6513936564788,-283.209683505532,151.926808843325,-67.0919188654019,-171.316702533465,-187.571308938018,-229.386081161098,-88.2259880467554,56.6392473557823,-154.513278684333,126.578307370626,386.376035296033,-44.5701122096552,149.744752139275,-342.110366673458,130.859334340378,-247.804073427993,-342.631829206256,-99.2330610448338,62.7255152388706,-109.281422784323,138.129277255851,-53.2575628268426,-92.166263563155,70.3027795133591,213.66978383268,-141.325987891359,42.6127697669696,11.3160620577334,-161.201551048624,-81.4314236737692,-11.6662889587415,-9.36649871842166,-230.009818384885,-50.6026592902409,-149.275250139998,6.24863697084137,79.1981248943504,15.1121082026347,-143.334769719535,-35.5633185189559,-27.4937841257225,6.91756374404662e-12
"TP3_A_2",3,"A","2",44.9745048499212,-163.242852998795,-243.794991577695,3.41200448916983,32.4572044729678,-268.254533891129,381.364619806949,-188.397287305542,-136.789906981274,44.6827289607642,406.598737218934,-238.716946322057,-48.3574814927033,20.9035453568177,-319.856575451891,-18.528084407457,12.2249094585689,173.682518668206,-44.9917315541176,18.2496490246924,24.2933360490159,-121.569881300773,-235.733598262434,150.242668572475,201.10814710234,99.6417223152138,87.6215151849943,-37.1156968329752,-42.6667894766252,-91.3348083287339,-306.238922884872,-27.8798862312246,-78.6544711567061,128.303782973315,102.174800875191,202.681001413204,-349.592782781313,-107.490412032426,59.5015102440063,66.6227392090764,-181.455489137206,33.7406501891351,-56.5794539475406,156.055240285246,169.364898748573,-13.1153415306834,202.618759378123,206.342595620815,70.7862612027434,-51.4194581091817,49.2158578896149,231.539287997329,-203.038633379967,112.824429381762,-75.33395146635,13.0663499914602,-56.0586955360805,-192.449354272915,4.7888331754925e-13
"TP3_A_3",3,"A","3",-32.3261468706111,8.89091195161704,85.6712571561431,139.779659522003,162.583665048139,309.846559458263,-22.2270377528296,-82.3650750390242,-72.388603455829,-340.670607454875,-112.368629072819,20.8391784775759,-22.4115117355132,47.8046433312528,22.0235502047726,198.582719454745,19.7781918936518,267.575478978989,235.021049022981,-28.5241509932925,-23.6335810395481,-211.51436135255,-60.5311190205283,102.809938124542,36.7780338966781,-38.0732970167762,-224.79752284918,-218.320449538392,284.682659721531,181.23343301613,-77.165135457518,-71.269606591402,374.85018528971,-69.4886288290049,249.176334847519,-392.757430646238,-279.719064931434,55.0723966359981,-21.2783250187376,-207.674752803815,-127.359067868464,101.862692314511,-65.5137665734691,-22.9403330068086,-33.6346240632049,-116.988059308557,74.0512417332299,-95.5432098408247,-318.194320797515,-61.1896667436271,129.171345831746,-27.2431314307957,46.8516438995677,49.8926871944854,43.2017838069745,62.1851565200232,-38.2720650336912,-25.162145556617,-4.23792251291744e-12
"TP3_A_4",3,"A","4",-219.673492423266,-101.458591684771,-138.289664403035,-85.1393761847931,-301.586582474394,-307.692424007713,-26.8494892663854,-52.2645192441476,480.147902450896,78.7622599966445,-57.651869425766,108.215412068628,17.8410715763903,-44.4729498797417,247.333321558668,127.050073464311,213.199614784891,147.497676867549,98.7906728839289,-406.155215515103,-62.5257420038622,43.7668587976834,141.835644035928,-129.077313767104,463.660700576326,258.451680782513,178.81632999238,104.192679070086,-63.3332475709663,10.9577342792496,119.665957756756,-142.661263438124,158.535163213273,223.516208657472,-86.3030131815617,-29.0398471657719,-248.664146007575,48.186244729143,213.770501402448,-80.7646726076671,161.322231139565,127.118749466504,-67.2978473544134,78.0771021292808,6.17130307992292,89.1939476605005,-92.4698909471381,-241.446882456313,38.9264816389794,-153.151600084585,-199.847822561548,3.63602725888323,-5.63731456521078,1.24796339823064,-186.170979240807,-26.5117348668768,27.44675739159,57.4883204696105,-3.04714326687661e-12
"TP3_A_5",3,"A","5",-4.75015121518462,4.90468478180792,-327.708751680061,-1.08707215066363,-161.186671585048,-5.10373929752074,55.8052757524331,-38.2121332475467,75.8245028068271,-108.265735621141,-69.2230667245946,-20.0059971728372,85.3570140578952,49.7595601031889,-45.8409128455138,-107.960306178308,-35.6937266755262,73.1572984596983,-85.7381563236545,47.2494224996474,-210.57973213749,29.231112306233,81.6336891249716,159.58645148031,133.484262475361,-54.0347644444344,-204.459739500887,160.741180800699,280.691568801708,159.911993527197,75.4968614827665,294.513861106502,-10.0971936410683,-22.2456079334872,-25.704553601134,36.8660063191219,-234.283820120796,-164.532809624922,-192.694762137762,-113.639537511452,251.776546203963,51.050105980521,231.804327436727,-378.032508965968,394.105347036175,-40.8308652697384,-149.143235631622,114.9911914358,89.4452508608354,211.651674172905,-58.645184953815,14.8167480263129,35.1801437389159,-11.503778028502,-67.1680197537884,-33.8744964456908,122.34384943405,-14.7004886666535,-4.68715680417703e-12
"TP3_A_6",3,"A","6",-18.5449312522498,-115.820138171215,-197.886995060986,-66.495869639192,-207.218009601648,-157.998188805784,-303.405005372612,164.24263872884,-283.349172319816,96.7856927760042,-108.36311854849,52.2897065425302,-66.6859347307428,117.070356835791,-22.5881904419834,22.5174070604474,-146.590533079438,263.406189346032,173.673506614152,269.067236392371,14.0410740363128,145.933766517808,304.672952583667,-7.68340991497515,96.8155671143528,182.998171153354,127.826316644318,52.1897398203355,-98.2138236719177,133.979822240917,108.977434519148,-105.038127214485,-29.8958118617537,-187.871571680484,-152.699156163848,-7.84275351129146,60.8832071612396,183.705018851687,-50.9349156449032,-8.56389992848055,-320.735496007325,191.658824010452,60.6417337290781,240.422346512311,246.301459972455,48.5356586203892,-306.393690091926,11.9915540467606,-52.777214090642,211.639151398011,25.9864759518105,140.736245166155,10.7025910228864,62.8764525204492,106.618795622787,209.919788759333,-142.493885796883,21.6638863620398,-5.00520864988793e-12
"TP3_B_1",3,"B","1",-114.548091574552,-59.3668018314196,291.503591633397,108.969553540944,61.2412576985144,312.309398160678,15.5155677427465,-428.374798846064,-85.2749305882544,-288.780234668972,53.7998990717341,74.6296950077632,-16.7896941161657,93.9208538555842,235.439482402188,-220.178813193505,-211.473677375049,164.658364425074,254.374402897038,-294.091939901698,69.7385861502204,316.683554036143,-11.978501728355,83.6912011790272,123.972963414183,67.8290190590164,-134.06903212237,-209.275955443501,6.04291633602217,90.5025307751093,-118.672363572571,182.081159864762,22.1490478679077,-1.19926242729939,-130.998645260204,457.092364213894,-58.2487214738565,13.7044927655566,-347.816214051185,101.904087570072,-30.1620124853445,3.63018630390017,-167.73052073641,85.4555647435268,-91.9041484256514,174.209154869056,54.1271243330261,23.8323533796069,-24.755234444398,-5.9313232636351,68.7086014007773,-3.72768534045035,173.923973792084,38.941022629876,-21.2188229888534,-74.0395383808456,-19.367749690017,237.233906005076,-4.10079435686495e-12
"TP3_B_2",3,"B","2",25.4784669303744,-139.523479278665,179.525150145102,-34.0099657120141,-142.064835015074,-71.5185478337507,105.609559423337,175.313300515884,-213.287545543475,-31.9423273142877,-134.815496066806,131.888310693005,334.734589737045,-121.734953830127,-180.976798524198,-25.1489482685237,31.9233624883133,97.0855646312706,-62.838322685633,-376.827773734552,90.2691067995006,-397.455001247369,150.026313651084,232.439854123074,-81.9655918894427,147.692183615282,329.295244596822,-40.5460643240304,103.315742803432,33.7107715998419,127.198127572961,7.87590776321678,-103.819688135949,-255.774281882673,337.045919059064,32.5376956981218,151.307785853316,-255.906870706594,-219.032826186685,-160.264569917429,150.722356420642,29.6124661124651,-27.9096049996518,119.140090408516,-72.0974022612518,327.432570726942,-93.7950236405307,2.64259762378556,35.4917474631973,-93.6302347814786,32.3790056788757,66.5232057266437,-86.5323545559868,-82.521149823079,117.300262703686,12.1117400600124,61.5457118964907,-49.136839634547,9.98484715047931e-13
"TP3_B_3",3,"B","3",-53.8677077090048,-361.264856611136,190.094083738207,-126.988449113781,154.692793030066,-148.062094229824,-128.116998082141,103.168074749408,-102.041735844141,-81.0967529453542,-288.232357195792,-106.591027746198,-337.62820145485,31.7428724068679,-226.13606401125,-383.411045916555,285.128805881854,22.7464530768581,69.2736227347304,-97.6520824059436,-110.228118117842,0.662426206324943,-129.449429762445,156.3903478778,276.020193345132,-171.014879351449,-41.0476295307872,-2.439367244436,-83.2161519149033,-56.6589886074684,80.6201089059071,-59.1521593095541,53.2336854099095,-122.219180101236,101.205488330819,-11.8404080972384,34.4044265555019,-162.955027902795,81.3385821895142,-36.2297436951763,-44.0923552245475,-201.125475737608,87.8462196778259,188.809586978503,95.856385623639,-226.196357387004,118.77066183912,-112.91323754699,117.838670855527,85.1173151313107,-178.946816435651,74.3327539712418,244.893973013783,-218.539102262911,205.407651003733,-197.471929636889,-165.842575340131,56.9761233630892,-3.45117641062376e-12
"TP3_B_4",3,"B","4",222.634587753197,-354.012299474332,37.3638242236875,-192.676158453889,214.146323014847,-314.608060947248,70.2888719319494,-304.02564555373,-477.393671050502,-25.1685012693314,118.53701840077,-261.176163811984,160.220887622873,-31.0178580266915,259.08453129661,61.8236389866599,-150.746932978083,-44.6397753026852,48.2430847967855,-141.415068870486,-238.926583304769,-25.2368541336067,118.760678213194,58.1574094076914,-123.754412590731,18.8726159994786,49.8641213852201,53.3548190713188,-82.2491493913787,95.4226992237989,73.3427775384191,85.6956081086623,108.469731838507,-58.2431709723851,-47.7349559326225,-92.8084012577207,-59.811365459235,187.077269354166,-93.9192506313774,-94.9091421366258,25.3534774371934,-226.347890632742,158.278410948056,55.2057382407904,-82.8511388320072,-82.2504620390459,177.573110789804,-280.4279663152,418.195412581489,58.0802872389375,103.265235557349,-145.552058684366,-15.8027383917009,216.646749962251,-1.99721753684575,162.609208623365,16.311193070502,-88.0947399685551,-1.80750987094358e-12
"TP3_B_5",3,"B","5",89.5149332877139,-263.434511055996,127.220843973899,-226.475949715459,-39.8234895349202,-330.078280696976,189.824628866197,-197.072100874696,15.4951105692569,261.849638733871,66.5819472306921,219.182740061553,21.978682185983,25.0917737737375,-252.101135905974,-70.0133104577262,-253.424093658254,-208.583433226141,346.339561007315,242.9301101705,230.824889438385,-69.1853918487772,69.9454491176213,-5.86577613071768,18.3526250572718,-16.6557925000549,-12.6411227565613,-104.00470458838,343.733267669535,-373.265474232423,-155.982083192105,63.537460297784,123.588255248643,-41.3683464665953,-25.4950666431999,153.837949456383,-86.3976786650083,-100.418768331219,34.319239948867,60.5936877097082,-76.9677148170527,29.2356530386178,3.30373344825176,31.2676604560717,-80.9187982474736,-132.970364280271,-273.376112613734,-233.463388439689,48.4597983512804,30.7676697047315,98.9848756743265,-254.106093781039,-98.809157468923,-268.389458990489,-92.1458518590695,-8.76678140310448,28.1016814808761,-39.5803853890687,-5.12278977918279e-12
"TP3_B_6",3,"B","6",38.3323411257323,-136.086213519438,-17.6903978546585,-11.8252065157965,68.2218213871076,-98.7663541123487,144.078263940703,-89.3670279216944,-234.716320009876,-102.246238766695,146.76326418099,-80.5436709247307,-94.5602414016895,-194.115868300008,118.124069475234,-253.103878151274,-108.794780501407,-45.4047224278936,-352.181567003134,-301.178399393797,470.039843917213,164.288620104612,0.330887116962901,-196.559241937322,65.3967660186677,-128.024809735374,-8.9636825672548,-110.044642111915,-216.978913006066,134.618978649725,-258.0739563532,-46.4713366667453,-116.251764462826,-198.986389990881,145.432597343922,-222.249654327187,-139.231666029861,160.185034775546,67.9715051210715,127.431573720291,79.4409624434819,160.763406499773,169.40011365779,-240.385788876241,-157.526445471035,108.27645967981,-59.6319036049133,-53.6327577304959,-20.763578945729,220.108123680685,-38.8422848752199,48.4961681718933,-47.2281196400425,-193.520373836767,-82.8357946063339,33.0073816495576,-174.955774124679,-12.8930819713377,6.91049008381267e-12
"TP4_A_2",4,"A","2",-58.9982872055029,144.618098551234,-182.441900181597,490.226185338104,34.1751784296901,595.880192769778,-303.304699781165,-119.132132005298,61.1354596742931,367.357706835566,331.374983016366,-409.26345213156,-163.869358773289,455.397770611855,-184.991949833657,181.429275750272,355.646336552109,-334.197650556069,-163.747482862873,-125.218412316499,23.9671568118198,-9.92654350479259,598.737006876261,-81.4311596610329,225.50253521374,-60.3868206251725,-59.5780613670514,-256.82922241614,-30.4577763775935,-1.93447922236392,-65.7264107324063,190.483438027639,161.757179364534,-149.007356219931,-23.4834095673319,5.90786365457492,73.3485823059001,-86.3944278385826,43.3661835235927,28.2474317081895,-4.24686586276337,-125.646679354894,43.825954312495,57.8943003416094,-57.0603049547328,6.60757182212627,-57.5964055357213,24.4702380098414,19.7280371940906,-29.9964138972693,52.1685303962736,41.7682079729585,-50.3463350653086,14.3340607760611,-21.6228064047368,-4.98469064558576,42.4418991594989,-56.0346495410153,1.13810319675445e-11
"TP4_A_3",4,"A","3",-128.777888014985,357.064991127179,-116.015929468151,-1537.59718162555,-383.921624597153,965.229629018608,832.819166048994,102.006406278232,58.0914602323758,41.0255127354229,115.006732620066,-36.9091970224419,-91.075810589319,37.1254715660925,2.35152312792592,-108.908270297097,84.461340032881,-40.4912449071496,33.0873742562545,35.8204247603499,-62.0038878441858,-6.99857948720512,126.765000591664,16.6106712865619,-25.4590206914005,-12.2218885261719,10.1339859270605,67.3922963078363,-27.8929944925463,36.4815446647875,33.4234317011136,-75.6265496755759,-14.0978496939132,13.2870613673976,2.4002799176064,-33.9630655790803,16.8219954757254,29.0071938673616,10.1963341577864,25.393508179851,-12.2181777297957,15.1631225672362,41.2680390005839,53.0274870020592,-27.2700963908549,-14.0255126398485,21.9647792760561,8.28364074523489,12.6687343305139,-11.3826114080574,23.1377317262497,-19.5438766331207,38.6860586052936,1.38204763161638,-1.58768522160094,22.6831672811221,-28.2315727162143,11.6280092934588,-7.48645546597149e-12
"TP4_A_4",4,"A","4",-25.1516319572823,-396.597974799862,-167.133917559896,91.1991348726476,-323.127063339643,-27.2940377970272,-226.756683717282,-125.579905275818,272.430846181147,185.313047715982,-32.8423234936615,-127.226725413523,-79.3999108236875,-97.5650845121086,61.5992256254291,-43.2652115952689,155.387554404631,-254.519695029228,388.943445627883,6.97546628054948,5.00829148177882,-34.7039568210957,-110.349524978047,502.376694896137,104.090026307315,-21.1818270507297,27.5436785667955,65.7784242404575,181.644527875985,138.237812922258,-105.229562698421,-276.110930149716,4.59621817927413,136.118570330824,91.598147611303,83.7017658293957,317.951534761549,257.245921360917,-110.240602284216,120.250877596338,-42.7246267994351,-63.6840571283988,386.830477898866,-172.401629941717,-114.504461942078,56.6381310017245,73.5349885835873,76.9212228134037,-103.0849418253,-85.9891430007942,-40.2743255757969,49.6421100043118,-82.2414965145473,8.19036807231111,-93.3163485870702,72.284933567894,-53.098380830513,10.2060680206115,-2.07780168938465e-12
"TP4_A_5",4,"A","5",35.2052581501406,147.723136155506,-369.913167582794,56.8304711542494,-222.989529005056,-277.394122925179,169.03624477988,258.344216190244,152.102702344343,-458.258603194919,-218.956671580477,187.203089162999,319.775054095648,556.940785421075,445.285455379455,-113.328067474368,-162.873339903115,-324.91882360111,32.5778604035607,246.043546109291,99.4710765066968,-167.707694729074,36.3387505600367,-211.363603189975,180.70857420929,-152.140186291555,-201.034769142847,77.9997051196283,-245.259525754901,-109.494969471585,-254.773956362949,11.9576891325612,112.263444502056,-123.99183183242,206.911937388871,93.0327504866595,147.4009525148,-21.5161137911012,-16.0255335895384,-108.052479980806,-91.5297028849684,13.486088572145,38.5350543546677,71.3479504227357,138.275782106583,133.480459819963,196.176566745442,-7.05251765681779,-3.1351207706834,-69.7887108601916,-136.871602867708,-68.1216943523773,-2.89721533768697,-5.5654245546931,-3.92147849039062,68.8862011198384,65.7824677830166,-32.1139626220943,-9.77797703916039e-13
"TP4_A_6",4,"A","6",-18.2333046615463,177.086915126698,121.079340719917,-764.409375874497,232.791235460614,39.6966318904626,-1087.49646719359,4.49123862303178,434.088933725433,445.537050934956,28.4038495285452,-412.633804513404,280.169129335213,118.694966543529,227.599583819899,-341.637190456906,-167.612369800737,338.202387773798,-265.08211117421,25.6979007708099,6.86440606803705,-322.564882186569,-166.892444085743,22.2119023136817,-40.3590991749998,-15.3693248643563,-103.84350988739,-38.3819483440028,-8.37408193955441,-55.7633138398093,-149.697385498939,11.9453153824359,-65.5040548903236,80.5385670302333,45.5963971297425,76.1576005361737,-31.9558681863455,-22.5582542059444,72.4152137661894,-79.7097999313241,-55.3529307164801,-21.4699210367441,-49.461554073497,-41.0493668923845,-45.4564421978769,40.0447135848405,-53.5297070786824,-11.718827571604,1.72314220329722,19.8031734185659,61.0139787910344,-23.8136140441716,35.8310028318037,-1.38160085909558,8.33636599049649,47.5480364763548,23.3710800353178,17.5435303062993,-1.30806897431779e-11
"TP4_B_1",4,"B","1",-18.1894965986361,-208.525183520137,478.771782411882,198.403580916677,66.9131714562984,449.375059182387,-10.0066259967099,-464.547717793098,-176.912597965265,-220.691144779671,-106.61420302506,168.920258392441,43.5991213647304,170.479361356814,261.331034841368,-52.5529718784964,171.211614488744,43.3239907092741,-69.5960430198286,-57.2614988938178,50.0530218384432,92.6063200467931,20.8778464230396,-11.8630463923773,-105.395547187853,114.172698928235,92.466472837372,188.070036192951,-165.083989962941,-60.9014048246323,-113.102894192975,-264.25845135592,2.4631197536694,191.824896051394,15.9242522226966,49.8668571941249,127.249065020077,-205.641294065081,-35.2526054082141,-270.051032418032,-222.161571457963,106.6556996668,-39.4893864101746,-178.793849303577,-134.310577186626,-339.029165960965,-158.722244571943,47.6332438740306,113.218131412086,99.6670919021174,-90.2574924647793,146.178417287816,-169.607374593801,-33.2853191304031,30.5745038384433,5.97958780789545,195.578709249594,-22.0907145234345,1.90550700218672e-12
"TP4_B_2",4,"B","2",-92.4988642996279,-21.5340067839837,200.296134695192,-159.723682040229,62.0915872052403,-206.800931337788,-35.8612891003649,15.1170305588154,328.397180898563,-111.823143854565,-2.71678896410708,11.2905064957838,209.437726084617,-19.2937736386838,-95.1845470393058,124.588479200914,-179.393186231291,-178.737215835168,282.120180048237,-146.149288479687,1.62687928564068,-163.996225748437,215.783835748834,-286.220342578104,208.127254335566,154.931715495002,323.020062223991,-1.58783427338579,-17.3335563764904,-122.993445756865,2.41209710536015,11.607259202569,-114.044359350658,65.2746309936271,-181.996973536765,-55.4380112582151,59.2092421905685,80.1768632049135,-87.2184462339446,57.8684243330375,-48.517024360552,60.6493354763338,-37.6846689873294,-300.094676840111,-30.5379858914658,-90.2070823001895,205.706323009419,83.4263011233629,-90.8237826671997,128.662588497878,205.889862210811,96.63194389828,267.602014254472,7.30835322877431,196.980640328499,-151.038091644089,1.96235244638404,-256.272596637187,2.63062076462373e-12
"TP4_B_3",4,"B","3",-21.4286715878341,-250.090838181804,183.841056346502,-185.29770981751,142.600050437601,-212.336105207364,-91.554559025512,-43.8546606735497,7.48016108155179,-473.763036677569,-74.2801625744249,-27.3478151485236,-351.421076415378,-9.69196614822046,39.5242935245647,47.9906321850141,-132.029014370053,41.5960177535881,-186.931859630974,-44.5029689940519,84.9910355473904,-189.356773609864,295.323566259941,86.1996120819773,-187.463034586136,-248.48810685563,140.986824663415,93.2335045733381,-160.586882470293,-104.953016202119,202.131075953596,146.314395642499,-112.19315772288,75.624410224336,150.608121393996,81.589948021537,-143.552888748103,-99.7989017740831,60.5004564026292,348.171090789972,-190.434540996213,17.2360035856863,254.206635660291,-15.9540977471484,5.57988732945209,-79.2131762012221,-145.995113746266,-59.833634625938,-213.683928334167,-207.887619542409,-37.3054980583654,-53.9929296376851,55.6408667978246,254.33173722853,-51.3067277329565,-107.601509554463,121.911890444239,44.4382123574009,-4.57077908508352e-12
"TP4_B_4",4,"B","4",390.919987795378,-398.145898262877,-21.9131978089108,-160.244716367376,-82.7233829676725,-141.958982906986,-6.96241484071685,-242.889408665065,-524.394959318054,306.298835676323,-28.8049987664228,-149.579395241037,299.804613653939,45.3612778839595,148.719033040948,181.39199950368,-129.741675984846,-223.174147312404,-9.49306511238249,50.3048126443782,-316.761904430271,88.4983052157684,107.674459310394,-139.945997761831,-43.3688057715936,11.9842951654784,-247.71112362318,9.90682529969373,214.608245495309,-143.931729135491,11.0237149646904,-330.491841696052,-86.4932177364051,-41.1830466423689,263.845883185241,-20.1697561663453,91.7590470927457,-130.590540249552,125.741389294588,267.626344372322,223.886623395474,66.2054183535394,-240.615362224017,-6.40690478770427,18.208893105463,-33.4830373385245,-14.6997438733994,-11.8470514495881,-114.154512081182,85.3710819165251,-56.0355186879872,216.300707901564,144.17217118574,137.784237419519,-88.7358618269936,-58.2010717061213,-21.9013276608045,103.331540228764,4.60657987449986e-12
"TP4_B_5",4,"B","5",53.1727450411201,-91.267658869546,397.50061373907,-12.7909653846905,-61.8796586078383,-330.475534324703,240.083888286881,-289.153137325705,-176.747756886381,213.408002698402,-105.31205211451,163.613666949127,248.623218961157,20.0382934782845,-71.5542608969144,62.5216101893364,800.526081293613,184.213510559776,-93.2188690220782,434.11109987394,360.71217377977,-423.295483226174,21.5824810976942,-179.48587618369,27.2046748865803,60.570191083396,-260.137924106187,46.2463076372418,-27.3224198821416,198.650369775219,43.7016758864953,41.1359270906064,-161.277598700494,37.8036939597205,-172.61227940238,-7.14202936813325,-57.8142975239038,97.0717266754477,-181.288447880685,92.095044720833,-13.6524473713733,-51.4344149161565,-11.3679247618562,-14.2955514502177,-82.0640383988437,47.1580976648938,23.2886114363515,-7.92375673648768,8.17640714661331,-10.7244072882444,-20.9029056300937,-28.1795442807637,110.805350878204,45.3986384860568,-43.2230950214906,-35.9707612802257,2.65805204840854,58.0349145889269,1.15106166785617e-12
"TP4_B_6",4,"B","6",80.7685447018688,-208.9259621234,-318.544406441293,562.082222557033,217.42286118967,414.810637427608,544.46692765333,-314.510484872898,385.283702864428,308.440553098372,-903.004460470249,-664.211737030511,-47.9170676941632,-386.57235291577,-1.61857536832497,22.0292695799875,-272.550518378699,87.9287534004718,-24.801707759997,206.349551023487,55.5145914330183,-138.820746608953,-38.0715973485166,-186.802895895089,-23.4734594974931,-27.7665072214178,90.9637206377481,132.380642372228,-125.665277024355,-12.7282673543459,21.5954378184776,-61.8566476324392,130.244298593458,-43.8269315597304,-5.58128487235504,97.8124136636684,-34.3963675471006,-19.3394190196493,8.95221802754248,-28.5592343097503,25.5411013860758,-25.3630848550457,4.8636700444403,54.0362297398727,-30.7206555933782,88.0075618808465,-47.9862843926441,41.0174406393801,3.74267060674454,34.7286864456505,39.9770486813772,-43.4761447589839,14.5115649529028,18.5373320324826,16.5620111277098,-26.8211718371382,-9.22961255860919,19.0529721376075,-1.32878257008695e-12
"TP5_A_1",5,"A","1",-33.5347719932083,-47.1667447952578,-110.989629158222,-15.2265327571369,-139.691589588306,322.797781645331,-207.604236316521,10.6333979563549,-73.267624490379,93.6916998360529,-226.068829540003,138.93236346108,25.3196997000817,201.411980467063,-87.5468666240884,200.226449798668,-44.1174747252773,-391.402883299052,3.10260707003709,35.7724995175549,61.3920941052446,-22.855261240985,-486.386223960603,-256.992042060759,-110.841726837259,401.688272470915,144.230453746877,-382.49417631626,-46.0137870031783,309.715597511506,95.8361667376717,204.913658002498,-99.7766706490675,263.974758984301,179.830717923022,25.2267502352565,-27.0731323260594,-70.6523492028305,75.1316301980154,127.764732387223,-5.27658325589529,65.8666128018959,198.315047418378,47.7255145691857,145.454592056031,-37.051922089084,26.7308989681264,-186.476729379809,42.6121400515586,81.1756055432502,34.5757824513376,-7.88525868456888,-92.1233188653501,27.285682531029,113.006244746177,-66.970535469213,17.4494640031116,108.883622684694,-4.98511973888449e-12
"TP5_A_2",5,"A","2",-87.7473213043445,-137.680473256411,-66.354641631258,220.299449322137,151.808470564301,7.29839029764013,114.896346037262,110.07260574002,-57.3005635767153,-58.6600595518616,302.155854947841,-509.13288634032,165.732959165117,388.219724790448,-130.159508327431,-336.91414223999,174.676234812458,-53.8951253398528,465.054917309033,-181.068958981502,175.946050490784,0.147261646136718,-190.062726246067,-17.2886379374683,-249.439040497561,-99.9150595437557,-152.424235320226,-5.22150285363612,-279.93919511853,-251.16085575579,462.214877591239,-66.4652964218391,-100.82252258287,83.5580081335847,-13.92863784256,-31.0435841205978,-1.2426670105874,128.796223088866,-38.1613104832829,-121.786753127486,198.775264394709,229.61712382813,-67.568137309106,-26.9920639667615,125.162291653771,-33.0564008861334,-86.7784045692247,28.4769364491804,-73.7110168964285,-44.7438572297129,64.8487354221744,-96.0342301547665,-87.5281246973559,27.8096388909644,-7.0658431460294,-13.9518555516942,-69.482146830929,-9.24137648280821,5.6367913808808e-12
"TP5_A_3",5,"A","3",195.322573445613,-402.20879483637,-940.492373989608,-156.695707586419,1505.98422442297,176.566096213089,108.798491530752,277.79081811572,180.134797531424,174.752711944259,112.92050597562,517.11485870151,281.499023043775,-28.9987396107063,79.602112381761,66.3641205903385,231.619535630498,27.071327260234,73.9052220879993,-3.98340018414325,-44.4816485714658,198.345203310594,-1.66577787707058,28.8156968406567,-3.68555288377597,14.4590463234339,42.744212871822,68.1078198147218,-18.3886765098061,10.1483645853393,-10.6476182045042,25.2554737479983,-37.8384467125727,7.49123641449124,35.1894058897515,24.6807209340567,-7.76145055004667,-23.5453345347352,-36.4055964068193,36.9206773459081,-32.7817542113844,-51.413002483427,41.4963456486452,12.475089094222,-71.9325304413843,30.3424930760191,-60.6037782161195,18.8170965866159,-57.8877702215324,6.83560102133046,-29.0103675559522,1.67617374370789,6.08652316558265,6.92733240326485,17.6788370530034,-6.32370016840183,-3.74268111886837,-3.46446644329869,-6.68261453118379e-13
"TP5_A_4",5,"A","4",166.391391451271,-603.357660796786,-492.009533786537,134.833157514342,-314.592336740897,306.523612314308,-250.700703897529,192.134405687562,52.831535798873,-391.853951451433,261.523710142726,153.409399507705,-311.991977554651,-444.020471350051,182.295898782213,-108.18347026741,-130.566875665223,-69.1021183032871,23.3284358240954,135.54804917329,162.879612781524,-251.15441514204,74.6405781897825,142.553510844305,-50.2558344177502,572.380618444242,-374.174339184532,-13.56121454108,-171.986087370359,-138.583221970318,111.851730928852,29.0052053225668,4.16465944346979,-38.9179017578096,-30.0327441185484,-116.568798347176,-2.70444346090914,-15.2455870966658,108.539677589534,48.6495878312069,32.1650732119515,-220.06123949041,-178.948079797518,-31.5445643738699,-34.3634011722654,12.2965733827356,-42.8360061614769,131.780007229055,102.589421538209,8.63758192067906,33.1741622949105,-28.6929623987031,28.9940107924124,-29.8368803146092,-7.96358096517025,-48.780995316593,15.9154976381312,-44.9061153164196,1.92785240896165e-12
"TP5_A_5",5,"A","5",55.9399690255645,-245.135773695717,-624.033514016116,-118.871468542692,-355.798480226438,-8.13038889906187,-44.1446008204069,-130.122251169599,30.125449435488,-363.558076459998,-285.329329378548,-71.705674921853,149.292394377042,221.13705560403,52.8694701106627,128.997720611479,284.164775681573,289.985056980425,-302.786564728468,-201.155521183341,-16.9977843493284,118.098625986259,-257.733392061041,-131.276370572641,-293.596394285264,61.0911689210836,150.095665649317,-182.32319941316,351.961902573864,-375.286568722437,6.689632810061,84.3867298154835,61.8852315561171,-346.737863003891,-257.043703107286,37.4914217963072,92.5682822552419,234.186274206589,66.9655809902769,59.6964074702802,-55.9706354853729,-19.2708572485676,66.290662495042,-23.8060934395137,-5.97518887216139,-88.6854644973662,36.2723468992134,53.0028752481038,21.2927729196894,-103.349053591832,-30.4739245285485,91.2197715297077,-27.9734192369359,-38.0538584890843,-23.3013145788805,-54.8364435192643,12.9725332854272,4.02206127471947,-3.72801962911229e-12
"TP5_A_6",5,"A","6",3.65733255459017,-20.8103265131966,-273.631013175978,-124.447674653193,-166.192318986245,89.8327967760607,-332.809929030822,92.8773057117538,-275.998580248755,65.0037522596999,87.2716142437177,-126.412562217688,122.740673926422,29.5293975093055,57.6190548055017,355.407276053582,-81.1472179348153,123.100730819613,262.517122086202,249.094185917728,560.382297573002,229.447487743762,6.13275973792003,239.883396272607,-164.989320970149,-226.205402844645,251.036006498535,51.1331016877798,-3.42291654963843,165.478616755414,96.9048703598788,-49.3869242517286,157.563503688385,-49.810489794323,-204.868756494795,-42.9258775852998,-51.3261521946765,-386.63683280306,212.9317515229,-16.8328056831495,3.8285297420908,84.1143077402831,-59.4223908296467,-119.222931751379,-31.781688291685,117.794557560243,251.890577783832,29.3608066716824,115.895043352087,-6.33819907916803,-96.679598336003,-37.158753635756,97.6922480479903,-5.45965375799724,-39.0967863611164,-70.0030346999061,10.7851203923441,31.7504309383158,-3.21496562011303e-12
"TP5_B_1",5,"B","1",-62.7928740409629,-338.049512098136,339.420801926758,195.61692461136,16.7316049344668,442.651990645855,-131.505781666739,-610.349333309098,217.95418989466,-234.318379077538,209.051480802369,259.772450100066,218.10635285667,88.5296743021223,-243.55821231831,-84.0828558873345,-292.343915624869,245.635535723365,-8.74457943671805,183.719165284842,86.7255306223534,141.854848111591,-60.4614258714481,-112.92202918956,199.081966864422,-114.358970347507,36.3515875561955,245.657939079964,115.765992067914,-80.5116423227811,-8.16511169404425,222.969625793791,-226.609074098831,106.242214815797,-19.6807095634007,-376.577188177441,233.450780834904,-3.44092603017176,122.90701948491,-9.16982207476152,219.2769577995,-47.593106622041,156.963486755666,298.649156135093,38.0345295756286,48.8591954606674,54.9709599751054,31.7904448776732,-3.09978899744005,-80.6618836478703,31.4630932822618,42.9046770752515,3.40486629096594,9.97805899034852,-66.545810730182,39.8534177470399,-31.1609935117579,-16.2336059280745,-1.63478692388752e-12
"TP5_B_2",5,"B","2",-43.3456782569052,-147.974489153926,87.5449452053144,-6.02011438347874,-235.682038323404,104.09121070823,-192.920936212486,51.4602691212097,221.332955174025,-309.45331507642,24.6987611090112,121.829825658206,812.767331390441,-465.489530695659,-679.099931396674,-31.4129311961975,-56.6165944323138,-214.528567582648,-296.377489402787,30.0703687422911,-153.523429053336,201.204059459141,102.123493376193,94.1399254406297,-25.5764485867611,-178.179280948169,-187.436665926293,-154.839984997072,-257.188391071473,152.681720967859,25.3742195559386,-231.454346899286,175.686191845073,-12.3879553700776,-117.405480046773,132.820332946447,-70.7613146303656,88.7949464205965,31.5521638312322,2.67462254180842,-77.6687613178207,48.3130006853001,-8.16452265699003,10.0246301822158,28.5622742294885,-66.1437738944862,-15.0528096270414,-45.6282335220179,16.7685265507526,-94.0088440866589,6.73271514240276,-46.0038171570025,-35.2932766426263,10.8475693118858,35.9129874004485,-38.1494354065842,17.5488087416007,18.9357036141259,-6.41672912721214e-13
"TP5_B_3",5,"B","3",44.9161043238118,-217.392438487667,170.33282371904,-444.091766800833,258.585960353573,-152.158294979512,-423.30273031582,1.6212592021647,82.7533630275672,-618.464127957471,-90.2797799548978,-318.176992236535,-374.996675657195,-194.085599774165,-127.056412410641,222.611486695389,296.857694151546,-417.835435655714,-169.174598294615,115.386654974045,95.9937955474662,227.877316568503,64.0398776792156,-222.342440335752,-24.9012698209953,-62.6530684214719,74.1658048730908,218.984158049003,315.442088852793,-6.94889029589995,57.5864262620906,-42.9414309756982,-19.4763036505409,187.528019533352,126.327279075866,122.171869604285,-60.4040115760394,92.0763889896693,-113.337542652612,-175.594272798898,45.6170969930336,18.8409101369428,-189.994269441279,135.058377897628,21.1044516600764,171.439212447651,76.0936139644383,101.170040224351,-12.0851639562101,141.599101123364,39.2487487408586,-94.7896966719322,-93.6447676288471,-62.3859241136819,1.75464045319704,109.949802743714,-12.5205638080998,11.8104561745371,-6.88541064441939e-12
"TP5_B_4",5,"B","4",2535.10582850595,628.372542053202,150.822385908164,92.2543080290018,-91.3877458470304,39.8979578381712,-0.0862455809744071,23.7699082917659,202.196939091199,-96.8513103669816,102.683924274221,22.9207279340619,-91.5310548214689,-31.2403252397522,1.61100593277953,8.53974262848151,34.5605249292498,72.8768315697579,45.3779184245506,-19.1513015995625,-14.1017141337075,30.9413750443223,-89.568873189127,17.9911007015546,103.254220246387,-60.8678990279131,83.9470544955277,-49.4869742622581,-34.9708432756768,28.4356755589129,69.389314686827,-13.210214850567,-8.58230752195419,8.35359923723779,-23.2719643457965,0.446502988521451,28.9271188405119,15.8450346349946,-19.2109646654458,7.1249586244935,-9.91502475704142,-1.89334018355626,-5.00254899411058,2.26560085967956,4.87593336256478,-6.53693704920971,-48.9037827363935,-9.89268815980552,7.1422997768989,-10.9427668165978,-18.4582666370236,-15.786555671792,-7.20659093657393,-8.57924581892573,7.29445785822393,-18.5765249693422,0.878857020141815,-12.8631530942013,1.57078785742448e-11
"TP5_B_5",5,"B","5",64.4784959172885,-148.506092418176,24.4116062448638,-271.737488126745,-43.469232481967,-485.500184054313,131.077537445403,-436.335663220736,606.479126305484,275.495562227957,-212.340741083125,275.324143494895,-345.633433812692,483.289981529986,-265.008153760183,289.508766927984,-166.34647691568,-244.199753125431,-119.776829361247,-227.154228067604,42.6567603232813,65.4403585105529,-55.0245684938147,308.184061378474,-424.248218153488,16.0820315713432,-161.752073336652,116.066848847627,-233.796767811715,159.479199013175,-149.74822285076,30.1809373414077,22.6893509022978,-74.551610110977,-106.815561762112,-173.68079675547,-29.7070909677785,10.9525872361247,-67.428675836928,-76.6682116102875,69.4664688981369,-56.8202744564156,-208.070435603803,28.4202902021785,29.6570990941886,35.814026282068,-66.6233012077657,35.1181474161658,-16.8469329355093,2.12501501875966,-2.93214977262239,78.2957400467833,49.6855021414481,14.1932280556282,44.8956619891304,3.23704864784758,-56.5685878469922,-13.7434366091091,-2.73810852463585e-11
"TP5_B_6",5,"B","6",185.722136265171,-1264.04968156765,874.256379771782,164.860256627349,-199.176086093699,89.3414863751837,326.837058985651,1047.14853277841,298.958281274439,266.943948396984,162.371134807911,-122.560907487582,-26.6049318653001,115.366227567281,183.668972156832,190.665326880716,-41.6476869464987,221.202552988804,-124.667958284394,10.5282873677247,-91.3009838470321,156.103135897179,-30.8254472641628,-107.079437763598,-75.4968402052834,-110.644301352461,-40.333842313476,-52.0879747119439,56.6464314021708,64.2261738229227,-120.093566699301,134.60975284582,60.6718231546367,90.111772832218,-35.5911844971047,-5.88008349646215,36.2809240862634,-6.00802068513801,-56.6149359794916,24.0532350056715,-17.5751452975755,34.630132578663,-14.8444920700939,-14.4530690990321,9.69014181033231,-14.6196205648839,16.6929876577052,37.9565390141791,36.0672062718914,-31.146497993754,9.42901514883772,-1.17392245040013,-19.2769591950312,-21.6952914609841,9.11287287789824,34.1262741689509,7.16947326382533,5.20237468549362,-3.52263656612506e-11
