"chrom","pos","tpt","frequency","treatment","snp"
"3L",14360958,1,0,"LQ","3L14360958"
"3L",16911479,1,0,"LQ","3L16911479"
"3L",16911491,1,0,"LQ","3L16911491"
"3L",16911529,1,0,"LQ","3L16911529"
"3R",12959498,1,0,"LQ","3R12959498"
"3R",12960332,1,0,"LQ","3R12960332"
"3R",12960369,1,0,"LQ","3R12960369"
"3R",12961464,1,0,"LQ","3R12961464"
"3R",12961492,1,0,"LQ","3R12961492"
"3R",12961501,1,0,"LQ","3R12961501"
"3R",12962391,1,0,"LQ","3R12962391"
"3R",12963490,1,0,"LQ","3R12963490"
"3R",12964265,1,0,"LQ","3R12964265"
"3R",12998860,1,0,"LQ","3R12998860"
"3L",14360958,2,-0.0257421666666667,"LQ","3L14360958"
"3L",16911479,2,-0.0110941833333333,"LQ","3L16911479"
"3L",16911491,2,-0.0110941833333333,"LQ","3L16911491"
"3L",16911529,2,-0.0034127,"LQ","3L16911529"
"3R",12959498,2,0.00432110000000001,"LQ","3R12959498"
"3R",12960332,2,0.000136333333333336,"LQ","3R12960332"
"3R",12960369,2,-0.00142061666666667,"LQ","3R12960369"
"3R",12961464,2,0.00322784999999999,"LQ","3R12961464"
"3R",12961492,2,0.00320611666666666,"LQ","3R12961492"
"3R",12961501,2,0.00320611666666666,"LQ","3R12961501"
"3R",12962391,2,-0.0013547,"LQ","3R12962391"
"3R",12963490,2,-0.00227238333333334,"LQ","3R12963490"
"3R",12964265,2,-0.00779301666666665,"LQ","3R12964265"
"3R",12998860,2,-0.00599250000000001,"LQ","3R12998860"
"3L",14360958,3,-0.0295881666666667,"LQ","3L14360958"
"3L",16911479,3,-0.0134101,"LQ","3L16911479"
"3L",16911491,3,-0.0134101,"LQ","3L16911491"
"3L",16911529,3,-0.00580436666666666,"LQ","3L16911529"
"3R",12959498,3,-0.0118049333333333,"LQ","3R12959498"
"3R",12960332,3,-0.0191273333333333,"LQ","3R12960332"
"3R",12960369,3,-0.0182621666666667,"LQ","3R12960369"
"3R",12961464,3,-0.0148436,"LQ","3R12961464"
"3R",12961492,3,-0.0148740333333333,"LQ","3R12961492"
"3R",12961501,3,-0.0148740333333333,"LQ","3R12961501"
"3R",12962391,3,-0.0180340166666667,"LQ","3R12962391"
"3R",12963490,3,-0.0182361333333333,"LQ","3R12963490"
"3R",12964265,3,-0.02315125,"LQ","3R12964265"
"3R",12998860,3,-0.0161206666666667,"LQ","3R12998860"
"3L",14360958,4,-0.0725506666666667,"LQ","3L14360958"
"3L",16911479,4,-0.0403553066666667,"LQ","3L16911479"
"3L",16911491,4,-0.0403553066666667,"LQ","3L16911491"
"3L",16911529,4,-0.0195842933333333,"LQ","3L16911529"
"3R",12959498,4,-0.00596856333333333,"LQ","3R12959498"
"3R",12960332,4,-0.0152870966666667,"LQ","3R12960332"
"3R",12960369,4,-0.0154749933333333,"LQ","3R12960369"
"3R",12961464,4,-0.0146262366666667,"LQ","3R12961464"
"3R",12961492,4,-0.01464667,"LQ","3R12961492"
"3R",12961501,4,-0.01464667,"LQ","3R12961501"
"3R",12962391,4,-0.01490326,"LQ","3R12962391"
"3R",12963490,4,-0.01604733,"LQ","3R12963490"
"3R",12964265,4,-0.0163160433333333,"LQ","3R12964265"
"3R",12998860,4,-0.0129626333333333,"LQ","3R12998860"
"3L",14360958,5,-0.0826341666666667,"LQ","3L14360958"
"3L",16911479,5,-0.0355061666666667,"LQ","3L16911479"
"3L",16911491,5,-0.0355061666666667,"LQ","3L16911491"
"3L",16911529,5,-0.0196766333333333,"LQ","3L16911529"
"3R",12959498,5,-0.02054775,"LQ","3R12959498"
"3R",12960332,5,-0.0298708333333333,"LQ","3R12960332"
"3R",12960369,5,-0.0292353666666667,"LQ","3R12960369"
"3R",12961464,5,-0.0274727,"LQ","3R12961464"
"3R",12961492,5,-0.0275031333333333,"LQ","3R12961492"
"3R",12961501,5,-0.0275031333333333,"LQ","3R12961501"
"3R",12962391,5,-0.02874115,"LQ","3R12962391"
"3R",12963490,5,-0.0287708333333333,"LQ","3R12963490"
"3R",12964265,5,-0.0338084833333333,"LQ","3R12964265"
"3R",12998860,5,-0.020778,"LQ","3R12998860"
"3L",14360958,1,0,"HQ","3L14360958"
"3L",16911479,1,0,"HQ","3L16911479"
"3L",16911491,1,0,"HQ","3L16911491"
"3L",16911529,1,0,"HQ","3L16911529"
"3R",12959498,1,0,"HQ","3R12959498"
"3R",12960332,1,0,"HQ","3R12960332"
"3R",12960369,1,0,"HQ","3R12960369"
"3R",12961464,1,0,"HQ","3R12961464"
"3R",12961492,1,0,"HQ","3R12961492"
"3R",12961501,1,0,"HQ","3R12961501"
"3R",12962391,1,0,"HQ","3R12962391"
"3R",12963490,1,0,"HQ","3R12963490"
"3R",12964265,1,0,"HQ","3R12964265"
"3R",12998860,1,0,"HQ","3R12998860"
"3L",14360958,2,-0.0136903333333333,"HQ","3L14360958"
"3L",16911479,2,0.00859383333333333,"HQ","3L16911479"
"3L",16911491,2,0.00859383333333333,"HQ","3L16911491"
"3L",16911529,2,0.0125517666666667,"HQ","3L16911529"
"3R",12959498,2,0.0126519,"HQ","3R12959498"
"3R",12960332,2,0.00345381666666666,"HQ","3R12960332"
"3R",12960369,2,0.00539388333333334,"HQ","3R12960369"
"3R",12961464,2,0.00539938333333333,"HQ","3R12961464"
"3R",12961492,2,0.00539938333333333,"HQ","3R12961492"
"3R",12961501,2,0.00539938333333333,"HQ","3R12961501"
"3R",12962391,2,0.00560716666666666,"HQ","3R12962391"
"3R",12963490,2,0.00833095,"HQ","3R12963490"
"3R",12964265,2,0.00621108333333333,"HQ","3R12964265"
"3R",12998860,2,0.00207483333333333,"HQ","3R12998860"
"3L",14360958,3,0.00514833333333337,"HQ","3L14360958"
"3L",16911479,3,0.0234864166666667,"HQ","3L16911479"
"3L",16911491,3,0.0234864166666667,"HQ","3L16911491"
"3L",16911529,3,0.0302564666666667,"HQ","3L16911529"
"3R",12959498,3,0.0329717666666667,"HQ","3R12959498"
"3R",12960332,3,0.0298013833333333,"HQ","3R12960332"
"3R",12960369,3,0.0326442333333333,"HQ","3R12960369"
"3R",12961464,3,0.0321134333333333,"HQ","3R12961464"
"3R",12961492,3,0.03211525,"HQ","3R12961492"
"3R",12961501,3,0.03211525,"HQ","3R12961501"
"3R",12962391,3,0.03275595,"HQ","3R12962391"
"3R",12963490,3,0.0357617166666667,"HQ","3R12963490"
"3R",12964265,3,0.0298598666666667,"HQ","3R12964265"
"3R",12998860,3,0.021878,"HQ","3R12998860"
"3L",14360958,4,0.0238965,"HQ","3L14360958"
"3L",16911479,4,0.0253995,"HQ","3L16911479"
"3L",16911491,4,0.0253995,"HQ","3L16911491"
"3L",16911529,4,0.0307379166666667,"HQ","3L16911529"
"3R",12959498,4,0.03653415,"HQ","3R12959498"
"3R",12960332,4,0.0376586666666667,"HQ","3R12960332"
"3R",12960369,4,0.0339443666666667,"HQ","3R12960369"
"3R",12961464,4,0.0395674,"HQ","3R12961464"
"3R",12961492,4,0.0395737,"HQ","3R12961492"
"3R",12961501,4,0.0395737,"HQ","3R12961501"
"3R",12962391,4,0.0340801833333333,"HQ","3R12962391"
"3R",12963490,4,0.034961,"HQ","3R12963490"
"3R",12964265,4,0.0385022666666667,"HQ","3R12964265"
"3R",12998860,4,0.0293447833333333,"HQ","3R12998860"
"3L",14360958,5,0.0343598333333334,"HQ","3L14360958"
"3L",16911479,5,0.05255395,"HQ","3L16911479"
"3L",16911491,5,0.05255395,"HQ","3L16911491"
"3L",16911529,5,0.04169615,"HQ","3L16911529"
"3R",12959498,5,0.0374025166666667,"HQ","3R12959498"
"3R",12960332,5,0.0325197833333333,"HQ","3R12960332"
"3R",12960369,5,0.0329022333333333,"HQ","3R12960369"
"3R",12961464,5,0.0357828166666667,"HQ","3R12961464"
"3R",12961492,5,0.0358088833333333,"HQ","3R12961492"
"3R",12961501,5,0.0358088833333333,"HQ","3R12961501"
"3R",12962391,5,0.0331016166666667,"HQ","3R12962391"
"3R",12963490,5,0.03437185,"HQ","3R12963490"
"3R",12964265,5,0.0379849,"HQ","3R12964265"
"3R",12998860,5,0.0342504833333333,"HQ","3R12998860"
