"Group2","Group","TP","Pheno.Treat","Cage","Cage.Pheno","LD","LDsd","LDse","LDm","LDmsd","LDmse","LDf","LDfsd","LDfse","SRM","SRMsd","SRMse","SRF","SRFsd","SRFse","Fec","Fecsd","Fecse","TOTF","TOTFsd","TOTFse","Viab","Viabsd","Viabse","BS","BSse"
"0-F-ba","0-ba","0","a","F","ba",240.5164025125,6.80502898623392,1.70125724655848,242.27946935,7.2706936395795,1.81767340989488,238.74502593125,7.09181130954274,1.77295282738569,63.825,6.41326749792959,1.6033168744824,66.075,10.3446926811127,2.58617317027818,20.1566666666667,4.71358449461541,1.36069463840713,60.4666666666667,14.1419642028663,4.08243341969745,0.705,0.0939503414930817,0.0234875853732704,1223.1461615,20.76114613
"0-F-bb","0-bb","0","b","F","bb",224.504908425,4.1359026834428,1.0339756708607,227.2753872375,4.98205993598436,1.24551498399609,222.2312434625,4.44431154408748,1.11107788602187,56.7,6.32033754372871,1.58008438593218,51.05,5.24772966783414,1.31193241695854,31.0716666666667,4.9650759095787,1.4332939564711,93.2166666666667,14.8968473378115,4.30034941028111,0.9475,0.07,0.0175,1352.93403175,14.9407224975
"1-A1-aa","1-aa","1","a","A1","aa",238.639373466667,4.8182553313476,2.78182101257788,240.4887218,5.71457758687317,3.29931290808623,236.3148148,4.22526691167518,2.43945898885369,61.7333333333333,3.23316150746191,1.86666666666667,72.6666666666667,6.47868299373671,3.74046937042814,11.8433333333333,4.74780300068709,2.741145340506,35.5333333333333,14.2468710014983,8.22543480782492,0.793333333333333,0.185831464863551,0.107289846262874,1222.531667,14.24916727
"1-A2-aa","1-aa","1","a","A2","aa",232.953062733333,2.4912960341363,1.43835043593964,235.908346166667,2.03618294707978,1.17559077261584,229.9621256,5.34683561142734,3.08699697957025,64.9333333333333,1.51437555888007,0.874325136573598,60.5333333333333,6.11010092660779,3.52766841475279,8.15666666666667,4.61926761871764,2.66693540312555,24.4666666666667,13.858330827821,8.00111103396133,0.993333333333333,0.0115470053837925,0.00666666666666667,1209.349167,12.9668801
"1-A3-aa","1-aa","1","a","A3","aa",235.295910866667,2.26197409546047,1.30595135291406,237.2950576,2.81247333568871,1.62378223744852,232.8936508,1.8272089088404,1.05493955538469,69.3333333333333,5.43077649451102,3.13546027101463,59.0666666666667,3.05505046330389,1.76383420737639,4.26666666666667,1.05082507266116,0.606694138572129,12.8,3.14324672910034,1.81475434517549,0.953333333333333,0.0808290376865476,0.0466666666666667,1225.911667,20.87036814
"1-A4-aa","1-aa","1","a","A4","aa",236.493159033333,1.67835574300949,0.968999140022481,238.7270405,1.81528856406686,1.04805734112085,234.630467566667,3.23969683919529,1.87043984220218,73.2,4.32666153055678,2.49799919935936,72.1333333333333,8.60077515886407,4.96565985320962,8.75333333333333,1.91197105975308,1.10387700603122,26.2666666666667,5.73527099040083,3.31126025018337,0.933333333333333,0.0611010092660779,0.0352766841475279,1182.2675,18.92410296
"1-A5-aa","1-aa","1","a","A5","aa",237.734153533333,3.0940224026829,1.7863346670677,239.612330066667,5.45535200931868,3.1496489511043,235.631746033333,4.013925120365,2.31744074874974,62.2666666666667,7.0691819422995,4.08139409733706,74.2666666666667,11.0586316211968,6.38470394336687,11.6433333333333,1.86537753104655,1.07697621969001,34.9333333333333,5.60119034967866,3.23384875616931,0.8,0.0529150262212918,0.0305505046330389,1186.699167,15.02571046
"1-A6-aa","1-aa","1","a","A6","aa",230.498366,2.7274041593782,1.57466752560591,232.8976923,4.81366811106019,2.77917257971012,229.071773633333,4.05052570521215,2.33857210626373,62.2666666666667,4.201587001757,2.42578738648804,62.4,9.52470471983252,5.49909083394701,10.51,5.35884315874238,3.0939295402449,31.5333333333333,16.0702623915521,9.27817031771052,0.813333333333333,0.14047538337137,0.0811035004039762,1218.8425,19.95555217
"1-B1-bb","1-bb","1","b","B1","bb",218.066530666667,2.46973215189378,1.42590052272215,221.8342009,3.05062234916443,1.76127763448597,215.242469133333,1.12571666491206,0.649932819518224,49.2,2.6229754097208,1.51437555888007,49.2,0.400000000000002,0.230940107675852,30.5333333333333,6.87344406635664,3.96838478197084,91.6,20.6116471927888,11.9001400551982,0.933333333333333,0.098657657246325,0.0569600249687836,1334.445833,15.67071528
"1-B2-bb","1-bb","1","b","B2","bb",219.6107402,3.39187076355307,1.95829749839378,222.508812266667,4.48068646430846,2.5869255363228,216.366526433333,2.65210729180642,1.53119485884421,50.2666666666667,4.31431724996358,2.49087222563592,45.7333333333333,1.89032625050104,1.09138036958299,36.6233333333333,6.2172770031046,3.58954655136891,109.866666666667,18.6433187317423,10.7637250883594,1,0,0,1326.326667,9.467282924
"1-B3-bb","1-bb","1","b","B3","bb",217.4333536,3.82742063061479,2.20976233138738,220.395302366667,2.58141326889672,1.4903796456872,215.006504066667,5.34060653377963,3.08340061991354,49.8666666666667,9.48542741964395,5.47641407411009,64.6666666666667,7.02376916856849,4.05517502019881,27.4833333333333,8.84557704919998,5.10699629049318,82.45,26.5295589861573,15.31684802214,0.98,0.0346410161513776,0.02,1306.0875,10.68714224
"1-B4-bb","1-bb","1","b","B4","bb",213.9779798,0.961501404426961,0.555123094672109,213.9393827,1.80100417661312,1.03981024617922,214.4025397,1.79541903283885,1.03658566191769,54.6666666666667,7.43325859454206,4.29159385051496,56.1333333333333,2.83783955383904,1.63842743032593,39.0433333333333,6.00796415879234,3.46869972436038,117.133333333333,18.0181390086028,10.4027774069129,0.946666666666667,0.0611010092660779,0.0352766841475279,1253.7875,9.378612365
"1-B5-bb","1-bb","1","b","B5","bb",222.0408107,4.19436750920502,2.42161921051974,226.361538466667,5.42286961014544,3.13089522919771,218.674747466667,3.67856987278096,2.12382330628293,61.0666666666667,4.83873261643308,2.79364357863426,51.4666666666667,1.28582010146573,0.742368581710669,37.3533333333333,6.48080499115143,3.74169450620675,112.05,19.4424149734543,11.2250835186203,1,0,0,1299.6725,10.55499337
"1-B6-bb","1-bb","1","b","B6","bb",220.144107666667,6.89256467474001,3.97942407036805,222.860157133333,8.30837155830757,4.79684055571631,217.613544966667,5.39418069120914,3.11433167412708,56.4,3.85746030439718,2.22710574513201,53.4666666666667,3.2331615074619,1.86666666666667,36.1566666666667,3.73075506209311,2.15395243938001,108.466666666667,11.2023806993573,6.46769751233861,0.98,0.0346410161513776,0.02,1314.3025,13.2632244
"2-A1-aa","2-aa","2","a","A1","aa",244.097230666667,5.56583447085546,3.2134360300133,250.624241766667,10.7187702687876,6.18848490006627,237.698412666667,2.40574394024943,1.38895691150432,53.0666666666667,9.27218061371398,5.3532959733026,61.3333333333333,6.50333247907051,3.75470075742099,14.58,3.65106833680226,2.1079452870825,43.7333333333333,10.9587103864156,6.3270143915682,0.86,0.0721110255092797,0.0416333199893226,1152.325,19.67342241
"2-A1-ab","2-ab","2","b","A1","ab",208.4323781,5.48188367402225,3.16496701486296,212.574358966667,6.00759545473655,3.46848685297452,204.357142866667,4.90077275554314,2.82946246965001,43.1851851866667,1.82835463192519,1.05560103891611,32.4,3.12409987036266,1.80369990112916,29.3133333333333,4.44000375375217,2.56343736243176,87.9333333333333,13.3151542737339,7.68750790424164,0.906666666666667,0.113724814061547,0.065659052011974,1282.219167,8.77262637
"2-A2-aa","2-aa","2","a","A2","aa",232.39265,4.42056108629273,2.55221213314029,236.089065266667,4.69069652225088,2.70817489980839,228.3089133,6.06260232989276,3.50024508715324,57.8666666666667,11.0296569907379,6.36797543267176,52.1333333333333,11.5746850209124,6.68264751260889,10.13,4.04474968323134,2.33523731841827,30.4,12.134249049694,7.0057119552548,0.84,0.14,0.0808290376865476,1199.3625,19.88183194
"2-A2-ab","2-ab","2","b","A2","ab",208.7124183,2.02752430380617,1.170591702591,211.886639666667,5.09406348351323,2.94105892347541,204.806045766667,3.23251129214343,1.86629126467751,51.6,4.84974226119285,2.8,40.9333333333333,1.4047538337137,0.811035004039762,21.51,4.41103162536838,2.54671029631039,64.5333333333333,13.2322837535073,7.63966258708096,0.973333333333333,0.04618802153517,0.0266666666666667,1295.66,8.650649126
"2-A3-aa","2-aa","2","a","A3","aa",233.309757233333,1.59679474222712,0.921909874265408,233.758431366667,3.30931061549556,1.91063137468845,231.884967333333,5.97318282466951,3.44861871174179,62.6666666666667,2.66333124739175,1.53767501262277,66.4,14.3164241345386,8.26559132790873,14.1533333333333,1.16517523717823,0.672714236837935,42.4666666666667,3.50047615808669,2.02100085216322,0.72,0.105830052442584,0.0611010092660779,1189.0125,20.54295224
"2-A3-ab","2-ab","2","b","A3","ab",216.941075333333,6.85885273319648,3.95996047184299,218.8986569,6.10812569544154,3.52652801450724,215.356684833333,7.73594404298642,4.46634937565409,44.1333333333333,1.89032625050104,1.09138036958299,20.8,5.6,3.2331615074619,28.61,5.65130073522901,3.262780000756,85.8333333333333,16.9541538666291,9.78848529878063,0.92,0.13856406460551,0.08,1288.7425,17.83259576
"2-A4-aa","2-aa","2","a","A4","aa",232.9024259,2.04583367211223,1.18116262131119,234.291358033333,0.442051163061032,0.255218357988874,230.3796783,5.93149108512802,3.42454797469453,55.0666666666667,4.27707064862545,2.46936789032695,56.1333333333333,4.63609030685699,2.6766479866513,13.51,2.20596917476197,1.27361689687284,40.5333333333333,6.61614187675365,3.81983129354048,0.88,0.105830052442584,0.0611010092660779,1205.795,16.220877
"2-A4-ab","2-ab","2","b","A4","ab",205.593159833333,2.96857415323852,1.71390708648163,207.393088066667,2.35964032215764,1.36233897518841,203.7839599,4.28129575700339,2.47180725778631,47.8666666666667,2.8936712552281,1.67066187815222,39.4370370366667,3.20688559544227,1.85149626178893,15.11,5.39047307756935,3.1121910823941,45.3333333333333,16.1744654728783,9.33833199476461,0.86,0.04,0.0230940107675851,1311.855833,12.95055887
"2-A5-aa","2-aa","2","a","A5","aa",234.576468333333,4.14460191603235,2.39288703190512,238.235854333333,7.42234811447357,4.28529468191042,231.6743997,2.47654366568121,1.42983315204091,57.6,6.43739077577243,3.71662929727103,75.3333333333333,11.3160652761167,6.53333333333333,15.7566666666667,3.88568312312434,2.24340019712142,47.2666666666667,11.6487481444717,6.7254078769329,0.88,0.105830052442584,0.0611010092660779,1162.400833,22.81480605
"2-A5-ab","2-ab","2","b","A5","ab",212.836311833333,6.57113673016972,3.79384756004532,215.666666666667,4.04145188432738,2.33333333333333,210.5253968,8.63324313764991,4.98440524950167,52,3.17490157327751,1.83303027798234,53.4666666666667,5.99110451697626,3.45896580561943,16.91,5.6405939403577,3.25659842985489,50.7333333333333,16.916658456484,9.76683731364003,0.746666666666667,0.340196021924615,0.196412264835416,1278.119167,9.616352035
"2-A6-aa","2-aa","2","a","A6","aa",238.366692833333,2.18914755296581,1.26390492900062,238.827810266667,4.99147361213685,2.88182863362012,238.111688333333,2.59490400833003,1.49816852773058,66.4,8,4.61880215351701,81.7333333333333,11.4984056865869,6.63860761840245,11.38,0.970721381241807,0.560446250768082,34.1333333333333,2.91433239925259,1.68259059521653,0.906666666666667,0.110151410945722,0.0635959467611297,1169.385833,16.20077493
"2-A6-ab","2-ab","2","b","A6","ab",214.466570166667,4.43075926769951,2.55810005592074,215.364130433333,4.01842916199086,2.32004115839487,213.320072,5.01785735834336,2.89706129659468,47.2,5.6,3.2331615074619,27.0666666666667,0.61101009266078,0.35276684147528,34.98,3.30821704245655,1.91,104.933333333333,9.93042463006156,5.73333333333333,0.966666666666667,0.0416333199893226,0.0240370085030932,1319.030833,13.11883797
"2-B1-ba","2-ba","2","a","B1","ba",234.990361366667,4.89449530491691,2.82583818184114,239.785355866667,5.8209298512086,3.36071541652921,230.009059033333,4.4119396484581,2.54723454368567,49.2,5.64269439186635,3.25781112609883,61.7333333333333,9.61110468850138,5.54897387911595,13.51,2.45218270118684,1.41576834263237,40.5333333333333,7.36568620926342,4.25258091568455,0.953333333333333,0.0416333199893226,0.0240370085030933,1138.734167,23.22700663
"2-B1-bb","2-bb","2","b","B1","bb",219.761140433333,1.53749064755174,0.887670639240529,221.420490633333,4.7627391129192,2.74976870892386,218.026210833333,2.16625464392496,1.25068770180335,45.7777777766667,2.82633121725491,1.63178308910116,56.8,3.12409987036266,1.80369990112916,31.0433333333333,3.50007618964692,2.02076993027685,93.1333333333333,10.488724104167,6.05566768499652,0.846666666666667,0.0901849950564579,0.052068331172711,1292.78,8.741977968
"2-B2-ba","2-ba","2","a","B2","ba",241.224074066667,7.51336324331164,4.33784229104542,244.637408566667,9.92839872001122,5.73216367362042,237.827612533333,5.6844709065118,3.28193080807519,57.3333333333333,6.8039204384923,3.92824529670833,65.7333333333333,5.54737175005726,3.20277657319048,10.5766666666667,3.9546976285594,2.28324574041234,31.7333333333333,11.8698497603522,6.85306095437976,0.92,0.0346410161513775,0.02,1198.531667,18.02385813
"2-B2-bb","2-bb","2","b","B2","bb",222.072125366667,3.72416200133945,2.1501459339791,223.5650794,2.85883019256953,1.65054638124745,220.2141414,5.53086450088172,3.1932461084354,53.8666666666667,6.50333247907051,3.75470075742099,54.28148148,3.22040817517733,1.8593035268391,23.6466666666667,4.19900385012128,2.4242960031958,70.9333333333333,12.5957664845508,7.27216917050507,1,0,0,1274.19,16.09985167
"2-B3-ba","2-ba","2","a","B3","ba",248.381944733333,3.7931671154834,2.18998605520558,246.3408547,8.67284779449695,5.00727100879347,251.871345033333,8.86660021130244,5.11913401879226,53.4666666666667,8.16169916949488,4.71215921255261,71.4666666666667,4.96923870762246,2.86899130551334,8.8,3.64621721788486,2.10514449226967,26.4,10.9343495462693,6.31294965395205,0.833333333333333,0.0832666399786453,0.0480740170061865,1200.23833333333,18.02385813
"2-B3-bb","2-bb","2","b","B3","bb",213.578256966667,2.69509196621679,1.55601207218606,215.410370366667,2.03099603188053,1.17259610572928,211.872294366667,3.52775145596405,2.03674825273494,44.4,3.12409987036266,1.80369990112916,30.6666666666667,3.60739980225831,2.08273324690844,24.09,3.21314487690798,1.85511005962809,72.2666666666667,9.64226805960783,5.56696605981311,0.926666666666667,0.110151410945722,0.0635959467611297,1215.63,4.69485534
"2-B4-ba","2-ba","2","a","B4","ba",248.1637037,5.33634191040077,3.08093843845777,245.2003284,5.67052704604206,3.27388031647944,252.063492033333,7.87736693969791,4.54799992314005,64,3.85746030439718,2.22710574513201,84.1333333333333,5.5184538897533,3.18608083875961,11.9566666666667,3.84948481401516,2.22250109361303,35.8666666666667,11.5452732030616,6.66566659165541,1,0,0,1189.14,15.00247101
"2-B4-bb","2-bb","2","b","B4","bb",218.645253333333,9.43637711035398,5.44809486483769,220.606542866667,11.2076048419268,6.47071367245737,216.440245766667,8.11148540771551,4.68316828367227,49.0666666666667,3.78065250100209,2.18276073916599,53.6,5.55697759577992,3.20832251080426,25.2,1.39459671590033,0.805170789336026,75.6,4.19046536795139,2.41936630821654,0.926666666666667,0.0702376916856849,0.0405517502019881,1281.710833,13.24444489
"2-B5-ba","2-ba","2","a","B5","ba",245.181773266667,11.8935993075115,6.86677276182533,245.117152633333,12.5176602137331,7.22707449402306,245.571428566667,11.4678254451491,6.62095210777645,55.4666666666667,12.2659420075807,7.08174491994107,68.2181818166667,9.91514410764523,5.7245111196029,5.66666666666667,0.853365884795809,0.492691023304103,17,2.55342906696074,1.4742229591664,0.96,0.0692820323027551,0.04,1181.34,15.34570713
"2-B5-bb","2-bb","2","b","B5","bb",214.730488533333,1.61523875580414,0.932558530469035,216.243274866667,0.922622432787726,0.532676309930381,213.135762466667,3.63109474054022,2.09641352590393,46.8,2.4,1.3856406460551,24.6666666666667,12.3439593864097,7.12678827460948,31.6866666666667,5.29524629581413,3.05721187431366,95.0666666666667,15.879966414742,9.1683028842735,0.986666666666667,0.0115470053837925,0.00666666666666667,1313.341667,9.940671875
"2-B6-ba","2-ba","2","a","B6","ba",227.075300866667,2.91421883257444,1.68252502746433,227.001449266667,4.4055308239895,2.54353440715353,226.516339833333,5.36167259106038,3.09556311375535,40.6666666666667,6.5033324790705,3.75470075742099,47.8666666666667,19.6665536719918,11.3544900565567,15.4433333333333,2.2835352708757,1.31839970334409,46.3333333333333,6.83910325505715,3.94855810532289,0.746666666666667,0.167729941672122,0.0968389269755596,1220.610833,20.37915232
"2-B6-bb","2-bb","2","b","B6","bb",213.650316466667,1.56859624239557,0.905629462796915,214.691150966667,1.02365773674739,0.591009069869146,212.559884566667,2.50013148522757,1.4434515860056,52.5333333333333,2.60256283945909,1.50259035594462,44.2666666666667,4.10528115155751,2.37018517795082,34.7766666666667,3.75107095818425,2.16568182745707,104.333333333333,11.2646941074018,6.50367417524723,0.993333333333333,0.0115470053837925,0.00666666666666667,1314.641667,9.483489707
"3-A1-aa","3-aa","3","a","A1","aa",236.524746866667,0.951189760278313,0.549169664147099,237.467580333333,3.00865476535043,1.73704763867372,236.295652166667,3.02763577911282,1.74800633207893,63.6,4.21426150114109,2.43310501211929,65.2,8.0299439599539,4.63609030685699,17.9533333333333,3.50651298776054,2.02448621740046,53.8666666666667,10.5191888153666,6.0732564942084,0.866666666666667,0.181475434517549,0.104774890970011,1201.480833,16.91929956
"3-A2-aa","3-aa","3","a","A2","aa",245.1814938,10.9876162426432,6.34370319544235,246.722932633333,17.0446267779924,9.84071985851062,242.877192966667,9.5955572064528,5.53999753616998,62.8,8.4,4.84974226119286,69.4666666666667,5.8560510015994,3.38099262216159,26.29,2.70634439789174,1.56250866664263,78.8666666666667,8.12239701894295,4.68946810535173,0.806666666666667,0.0757187779440037,0.04371625682868,1194.63,18.42178552
"3-A3-aa","3-aa","3","a","A3","aa",238.7783525,4.45301863052076,2.57095150503758,243.0493827,4.04032034428628,2.332680038386,234.338965666667,7.49220597498194,4.32562713647995,70.6666666666667,2.20302821891444,1.2719189352226,78.4,3.17490157327751,1.83303027798234,27.7566666666667,4.32232961877427,2.49549816892562,83.2666666666667,12.9558223719428,7.48004753401415,0.853333333333333,0.220302821891444,0.127191893522259,1198.5575,10.52139848
"3-A4-aa","3-aa","3","a","A4","aa",241.099738833333,2.93466941404534,1.69433217618164,238.847222233333,3.03275026962524,1.75095918455304,243.332400933333,5.31523761097874,3.0687538655054,66.4,5.2,3.00222139978606,63.2,4.1569219381653,2.4,18.8466666666667,1.25683464836602,0.72563382256097,56.5333333333333,3.76474877426546,2.17357871825348,0.873333333333333,0.170098010962308,0.0982061324177082,1199.644167,16.94216564
"3-A5-aa","3-aa","3","a","A5","aa",241.678004566667,2.05749793312262,1.18789698554544,242.541606533333,4.59046986253606,2.65030901084206,240.969230766667,2.37027948925011,1.3684815011732,65.7333333333333,6.5033324790705,3.75470075742099,71.0666666666667,9.29802846485927,5.3682192371193,21.4,8.02289847872949,4.63202259637551,64.2,24.0757139042646,13.9001199035596,0.94,0.0871779788708135,0.0503322295684717,1217.268333,10.9026846
"3-A6-aa","3-aa","3","a","A6","aa",237.960927966667,4.29551703177481,2.48001791460381,237.2250093,6.48600616733836,3.74469740667837,239.1898148,1.35673424991674,0.783310884408213,65.0666666666667,8.05315673095546,4.64949220644338,63.3333333333333,9.22893998969185,5.32833098738349,10.9333333333333,8.77873757059256,5.0684064995267,32.8,26.3461572150475,15.2109609602199,0.873333333333333,0.113724814061547,0.065659052011974,1224.7525,10.26558365
"3-B1-bb","3-bb","3","b","B1","bb",212.9163002,1.83892507836326,1.06170388901258,214.0228758,2.20106955770448,1.27078810164577,211.590828933333,1.5285542082564,0.882511183607767,53.7333333333333,2.01328918273887,1.16237305161085,47.2,0.400000000000002,0.230940107675852,46.6433333333333,12.2600013594344,7.07831508513463,139.933333333333,36.7838732780186,21.2371791389011,0.98,0.0346410161513776,0.02,1331.54,17.36328537
"3-B2-bb","3-bb","3","b","B2","bb",217.506960933333,2.39647784193089,1.38360712714577,218.0959795,2.6333367770067,1.52035769707176,216.8627451,2.06731796480852,1.19356658348275,52.4,5.2,3.00222139978605,54.2666666666667,1.66533279957291,0.961480340123731,47.22,6.34825172783815,3.66516484395086,141.666666666667,19.0424088112122,10.9941398531723,0.966666666666667,0.0577350269189626,0.0333333333333333,1302.45,11.14867447
"3-B3-bb","3-bb","3","b","B3","bb",219.682232266667,4.46714874154112,2.57910952843886,220.5079365,6.0484314052568,3.4920635,218.215498733333,2.80910004867427,1.62183466928268,51.3333333333333,1.89032625050104,1.09138036958299,52.4,1.83303027798234,1.05830052442584,50.7133333333333,9.69255556256106,5.59599956318003,152.133333333333,29.082870101373,16.7910028818346,1,0,0,1310.134167,11.12532958
"3-B4-bb","3-bb","3","b","B4","bb",216.6802071,5.84075758943436,3.37216296653128,219.254597266667,8.99226707647277,5.19168781722657,213.873015866667,2.54899090854633,1.47166058721113,51.0666666666667,1.8475208614068,1.06666666666667,49.0666666666667,1.61658075373095,0.933333333333332,54.87,12.2523467139973,7.07389567353096,164.6,36.7570401419918,21.2216870205929,0.926666666666667,0.127017059221718,0.0733333333333333,1305.721667,13.77344969
"3-B5-bb","3-bb","3","b","B5","bb",211.059649133333,0.601874586041187,0.347492454269274,212.088888866667,1.58199750932362,0.913366687865312,209.956862733333,2.29494204530885,1.32498540763366,53.6,3.48711915483254,2.01328918273887,44.5333333333333,1.6653327995729,0.961480340123729,51.0433333333333,2.37437009190508,1.3708432117172,153.133333333333,7.12834716700395,4.11555315574684,0.753333333333333,0.0503322295684717,0.0290593262902712,1314.425833,15.74104216
"3-B6-bb","3-bb","3","b","B6","bb",216.2712647,3.07495724630456,1.77532739390053,218.658874466667,3.79521347470808,2.1911675212548,213.5036075,2.31666186592761,1.33752535191465,49.3333333333333,4.20158700175699,2.42578738648803,52,1.6,0.923760430703402,37.31,8.94887143722604,5.16663333322581,111.933333333333,26.847967024215,15.5006809886247,1,0,0,1295.698333,8.508723227
"4-A1-aa","4-aa","4","a","A1","aa",229.4245359,4.28701113654619,2.47510703370387,231.780030733333,4.08543528659023,2.35872716246967,226.335555533333,4.44522382619402,2.56645117266125,39.2,8.90842298052804,5.14328040586291,42.2666666666667,9.54428275635908,5.51039421860582,9.1,2.73384344833423,1.57838525081806,27.3,8.20548596976437,4.73743953347516,0.88,0.105830052442584,0.0611010092660779,1253.573333,24.03689299
"4-A1-ab","4-ab","4","b","A1","ab",224.202765,1.6652212649729,0.961415945592392,225.9801642,2.17661509389547,1.25666931038275,222.6043952,4.35365613995324,2.51358454436107,42.6666666666667,6.21396277212322,3.58763307921966,57.3333333333333,10.653324989567,6.15070005049109,32.5333333333333,7.65808287584649,4.42139620984644,97.6,22.9817318755572,13.2685090847967,1,0,0,1266.969167,17.49263964
"4-A2-aa","4-aa","4","a","A2","aa",229.787878766667,2.28703377943232,1.32041956820102,234.4063575,3.63175351494457,2.09679386948362,224.352474333333,3.27286570575402,1.88958989623858,62.2666666666667,7.170309151866,4.13977991900267,39.2,9.40638081304388,5.43077649451101,29.2233333333333,4.07082710678473,2.35029312592659,87.6666666666667,12.2087400387318,7.04871934782798,0.906666666666667,0.0832666399786453,0.0480740170061865,1171.105,22.88213189
"4-A2-ab","4-ab","4","b","A2","ab",217.508080433333,1.86195580293344,1.07500068404281,218.323620833333,1.01708947518536,0.587216882288202,216.7085073,2.76966885861695,1.59906906108862,40,5.2,3.00222139978605,30.1333333333333,1.4047538337137,0.811035004039763,47.4833333333333,7.31284714275728,4.2220742664135,142.45,21.9346187566595,12.6639580437292,0.953333333333333,0.0642910050732864,0.0371184290855335,1248.205833,12.24632124
"4-A3-aa","4-aa","4","a","A3","aa",238.1011294,4.79750241720609,2.76983931201182,240.753518533333,3.43301509496105,1.98205218920781,234.608776866667,6.97834235624004,4.02894783787256,64.8,3.6,2.07846096908265,68.4,16.4292422223303,9.48542741964395,19.6666666666667,2.23074725895457,1.28792253045144,59,6.70223843204642,3.86953916291505,0.913333333333333,0.0642910050732864,0.0371184290855335,1170.451667,13.68994714
"4-A3-ab","4-ab","4","b","A3","ab",217.625906266667,3.53417535254342,2.04045709115428,217.7361777,2.78113539544796,1.60568926921468,217.536255866667,4.35458519425519,2.51412093411239,45.7333333333333,6.60101002372617,3.81109491412172,35.8666666666667,13.4481721186685,7.76430579282169,38.2666666666667,4.63834381361853,2.6779490493867,114.8,13.9097088395121,8.03077414284161,0.966666666666667,0.0416333199893226,0.0240370085030932,1275.9025,9.362716529
"4-A4-aa","4-aa","4","a","A4","aa",230.703276533333,2.79193472725394,1.61192426633993,233.6657825,0.85923629882809,0.496080308425895,227.537240533333,4.98326352914499,2.87708853999471,48.8,11.0851251684408,6.4,60,11.5308282443197,6.6573267908373,6.16,0.95639949811781,0.552177507691141,18.4833333333333,2.86021560958843,1.65134625213625,0.94,0.06,0.0346410161513775,1229.714167,21.88939796
"4-A4-ab","4-ab","4","b","A4","ab",219.652071733333,1.2021505469206,0.694061941871066,220.826719566667,2.43923484743478,1.40829289578319,218.587615266667,3.48121802563605,2.00988216420875,44.6666666666667,8.2397410962562,4.75721673997634,39.7333333333333,10.653324989567,6.15070005049109,40.29,6.91739112671822,3.9937576291007,120.866666666667,20.7464053111216,11.9779426910931,0.993333333333333,0.0115470053837925,0.00666666666666667,1242.925,12.76793026
"4-A5-aa","4-aa","4","a","A5","aa",234.4313972,0.784108059969518,0.452704999497157,235.272982466667,3.38951638221771,1.95693819569604,233.640404033333,2.16492901191187,1.24992234780375,62.8,13.8043471413899,7.96994353806851,81.3333333333333,17.9881442437327,10.3854599213409,8.75333333333333,4.80204470338764,2.77246180216147,26.2666666666667,14.400462955521,8.3141111638253,0.973333333333333,0.0115470053837925,0.00666666666666667,1175.818333,18.54963594
"4-A5-ab","4-ab","4","b","A5","ab",223.021272866667,1.74833445166825,1.00940136630416,223.402178666667,3.23762146300605,1.86924162320065,222.201002066667,3.11595579918217,1.7989979194408,43.7333333333333,7.00095231617337,4.04200170432643,35.2,3.81575680566778,2.20302821891444,39.9566666666667,9.1377531884667,5.27568426314961,119.866666666667,27.4097306322651,15.8250153589534,0.96,0.04,0.023094010767585,1281.46,10.70342596
"4-A6-aa","4-aa","4","a","A6","aa",240.907936533333,1.99683044776282,1.1528705965419,241.1172592,2.72008170818765,1.57043990643992,240.724216966667,2.13445544049627,1.23232842314378,50.6666666666667,1.51437555888007,0.874325136573599,75.2,8.31384387633062,4.8,9.17333333333333,1.96265975995162,1.13314214073571,27.5166666666667,5.87884625869169,3.39415346998007,0.986666666666667,0.0230940107675851,0.0133333333333333,1112.923333,17.95934746
"4-A6-ab","4-ab","4","b","A6","ab",214.701509,4.91740715788271,2.83906634631857,216.5993266,3.12265560522133,1.80286605426103,212.766666666667,6.91688754667396,3.99346688702658,45.7333333333333,5.80114931141523,3.34929511655479,67.2,1.3856406460551,0.799999999999997,20.4233333333333,4.68215050306302,2.70324085332978,61.2666666666667,14.0432664766191,8.10788368057768,0.933333333333333,0.0305505046330389,0.0176383420737639,1181.314167,19.97191617
"4-B1-ba","4-ba","4","a","B1","ba",238.562569566667,4.1644416049853,2.40434148166274,240.4233634,2.84114437645289,1.64033547055167,236.686495733333,5.59436377434061,3.22990743106024,63.6,9.62496753241277,5.55697759577992,61.0666666666667,12.0088855991442,6.93333333333333,12.58,4.1567174549156,2.39988194154074,37.7333333333333,12.4648840080176,7.19660413744643,0.966666666666667,0.0416333199893226,0.0240370085030932,1217.4325,13.59068465
"4-B1-bb","4-bb","4","b","B1","bb",218.7246754,2.21886613157476,1.28106295836043,221.2095238,2.89127237595713,1.66927688455938,215.379310333333,1.19650699409587,0.690803635128522,43.6,3.41760149812701,1.9731531449265,39.2,3.27414110874898,1.89032625050104,30.3533333333333,5.83503498989795,3.36885902214847,91.0666666666667,17.5000952378361,10.1036846964088,0.986666666666667,0.0230940107675851,0.0133333333333333,1288.636667,7.802517109
"4-B2-ba","4-ba","4","a","B2","ba",231.8630525,4.14456704532518,2.39286689929295,233.676190466667,5.55237279022515,3.20566392507765,230.0711394,3.62947344917825,2.09547747289966,68.4,8.60697391654,4.96923870762246,68.4,9.00666419935816,5.2,10.6533333333333,5.33100678421378,3.07785820191755,31.9666666666667,15.9982290686605,9.23658185934843,0.873333333333333,0.113724814061547,0.065659052011974,1210.31,14.41131232
"4-B2-bb","4-bb","4","b","B2","bb",220.3873626,2.65488983590655,1.53280136142945,221.2807987,4.02978864271615,2.32659955764947,218.991694733333,0.461277696981391,0.266318802523377,59.4666666666667,11.553931509808,6.67066546738613,55.4666666666667,8.77572409168231,5.06666666666667,30.02,2.77638253848421,1.60294520596723,90.0666666666667,8.33386664960109,4.81156015353763,0.973333333333333,0.0230940107675851,0.0133333333333333,1303.550833,8.148939925
"4-B3-ba","4-ba","4","a","B3","ba",239.662264166667,2.38268572609372,1.37564424535449,241.863876866667,1.12976445855287,0.65226981426637,237.915229733333,5.13215133292852,2.96304895358818,52.6666666666667,3.71662929727103,2.14579692525748,51.4666666666667,19.5236608588997,11.2719908524527,10.9566666666667,4.08785192164948,2.36012240737166,32.8666666666667,12.2659420075807,7.08174491994107,0.913333333333333,0.102632028788938,0.0592546294487706,1239.141667,14.35890426
"4-B3-bb","4-bb","4","b","B3","bb",217.6953846,4.1099020175366,2.37285303616774,219.380877733333,4.41351228636198,2.54814250660281,216.328042333333,3.99641858604451,2.30733334644722,46.8,2.8,1.61658075373095,39.3333333333333,18.5917544447353,10.7339544333753,44.4433333333333,1.85462484975623,1.07076815625253,133.333333333333,5.55817715922526,3.20901507908233,0.966666666666667,0.0577350269189626,0.0333333333333333,1313.1825,12.76770762
"4-B4-ba","4-ba","4","a","B4","ba",242.364657233333,1.64883736428698,0.951956696121003,246.819311133333,3.01964784259486,1.74339449478002,237.32,2.19344477933684,1.2663859338027,73.0666666666667,16.3184966627853,9.42148844102908,77.4666666666667,2.66333124739175,1.53767501262277,17.7133333333333,4.91870240341224,2.83981415667372,53.1333333333333,14.7517230631995,8.51691128154907,0.953333333333333,0.0115470053837925,0.00666666666666667,1212.864167,12.57370696
"4-B4-bb","4-bb","4","b","B4","bb",218.538923833333,2.99895790752949,1.73144915520051,221.059912833333,1.78772309602645,1.03214241072738,216.6180624,3.62193555436114,2.09112546729788,45.7333333333333,5.14328040586291,2.96947432684268,44.4,5.49909083394701,3.17490157327751,61.6866666666667,2.46325665194136,1.42216189108148,185.066666666667,7.39278927965171,4.2682288806691,0.966666666666667,0.0577350269189626,0.0333333333333333,1315.440833,10.98393348
"4-B5-ba","4-ba","4","a","B5","ba",228.7008547,4.64191120812393,2.68000868556469,231.280228733333,2.90963515754729,1.67987864145353,226.841254633333,5.63595220859227,3.25391852477061,58.6666666666667,6.50333247907051,3.75470075742099,57.3333333333333,5.8560510015994,3.38099262216159,24.0666666666667,3.69462221794507,2.13309113208456,72.2,11.0923396990896,6.40416531121217,0.753333333333333,0.122202018532156,0.0705533682950557,1252.355833,18.63677675
"4-B5-bb","4-bb","4","b","B5","bb",216.2660861,2.24557210015573,1.29648165650963,218.6424959,2.71377780422026,1.5668003457874,213.9515344,2.30349612487384,1.32992410777317,38.2666666666667,2.41108550933668,1.39204086785474,33.8666666666667,9.60277737601645,5.54416610301114,44.49,5.68939364080216,3.28477295004287,133.466666666667,17.0661458253858,9.8531438863159,0.98,0.02,0.0115470053837925,1328.649167,17.53504
"4-B6-ba","4-ba","4","a","B6","ba",232.705349366667,2.92782678033682,1.69038157976806,234.030404166667,4.33241649015553,2.50132182683287,231.659259233333,2.58632044644265,1.4932128059643,72,8.32346081867393,4.8055523442507,85.3333333333333,14.6004566138643,8.429577556306,4.55666666666667,1.93559637665845,1.11751708910622,13.6666666666667,5.8045958802774,3.35128499401515,0.96,0.0692820323027551,0.04,1266.39,14.8252029
"4-B6-bb","4-bb","4","b","B6","bb",209.855036,3.3252335124284,1.9198244635189,211.860446566667,2.34389251629828,1.35324697523636,208.5892857,4.34009396455577,2.50575441874454,44.9333333333333,2.72274371422162,1.57197681634021,69.4666666666667,6.35400136397006,3.66848439791936,17.0666666666667,1.03645228222689,0.598396004145898,51.2,3.10483493925201,1.7925772879665,0.946666666666667,0.0305505046330389,0.0176383420737639,1240.264167,17.00203974
"5-A1-aa","5-aa","5","a","A1","aa",237.6052654,2.97719956194577,1.71888696852062,237.4254347,1.03053084896674,0.59497726305916,237.758799166667,5.08108162278157,2.9335638426874,65.8666666666667,3.6950417228136,2.13333333333333,79.7333333333333,6.11010092660779,3.52766841475279,13.0233333333333,1.62189189939815,0.936399724713995,39.0666666666667,4.86757982300582,2.8102985211144,0.98,0.0346410161513776,0.02,1191.336297,23.7106921
"5-A2-aa","5-aa","5","a","A2","aa",233.884480433333,3.85878692344696,2.22787166899751,234.248816766667,4.96757889501503,2.86803301225763,233.995576033333,4.45810641310961,2.57388893768483,69.2,1.74355957741627,1.00664459136943,69.4666666666667,7.94313120459013,4.58596893917863,13.3533333333333,1.0008163334665,0.57782157953626,40.0666666666667,3.00222139978605,1.73333333333333,0.946666666666667,0.0923760430703401,0.0533333333333334,1225.758825,21.20037841
"5-A3-aa","5-aa","5","a","A3","aa",223.716709766667,0.599398575792053,0.34606292908542,224.065497066667,2.13547137325644,1.23291497219635,223.474167633333,1.81067945106944,1.04539626849107,52.1333333333333,1.66533279957291,0.961480340123731,54.6666666666667,7.00095231617337,4.04200170432643,13.3133333333333,1.53023963265017,0.883484263835211,39.9333333333333,4.58839114868527,2.64910886484074,0.906666666666667,0.0503322295684717,0.0290593262902712,1302.137654,20.49222493
"5-A4-aa","5-aa","5","a","A4","aa",224.3074074,5.91111458091655,3.41278359450289,228.969697,8.04395637754561,4.64418037992557,220.500381366667,3.46148350156628,1.99848843142474,56,2,1.15470053837925,53.3333333333333,7.170309151866,4.13977991900267,15.1233333333333,1.52398600168549,0.87987372831434,45.3666666666667,4.5785732857882,2.64344051905424,0.766666666666667,0.152752523165195,0.0881917103688197,1219.058676,13.99669328
"5-A5-aa","5-aa","5","a","A5","aa",232.227708166667,8.92410830683289,5.15233633322734,236.057833266667,8.71496507341524,5.03158743111448,227.687007366667,8.66995013521436,5.00559804442664,62.1333333333333,7.80085465403204,4.50382553441454,55.3333333333333,2.72274371422162,1.57197681634021,17.6433333333333,2.68375359027861,1.54946585778598,52.9333333333333,8.04072965179985,4.64231742894765,0.88,0.14422205101856,0.0832666399786453,1261.546749,14.80206903
"5-A6-aa","5-aa","5","a","A6","aa",227.0771242,3.14583468857685,1.81624850427591,227.458039033333,1.83404884073299,1.05888859190411,226.256410266667,5.05902048147195,2.92082683681366,52.8,1.74355957741627,1.00664459136943,46.8,2.8,1.61658075373095,20.11,1.27953116413786,0.738737662051511,60.3333333333333,3.82796725865483,2.21007792723344,0.846666666666667,0.14742229591664,0.0851143022320247,1228.872261,18.14123432
"5-B1-bb","5-bb","5","b","B1","bb",216.571306066667,1.14801433738279,0.662806386721502,218.442029,2.51117013549697,1.44982475371012,214.612539166667,2.53667175477535,1.46454812046527,52.4,6.60908465674332,3.81575680566778,43.7333333333333,3.10698138606161,1.79381653960983,30.29,2.79377880298351,1.6129889439588,90.8666666666667,8.38649708360608,4.84194634877798,0.96,0.0692820323027551,0.04,1273.737156,28.43429356
"5-B2-bb","5-bb","5","b","B2","bb",210.577777766667,2.51690578348951,1.45313623162259,214.112044833333,3.58390637603458,2.06916931095398,206.3006536,1.81944868583932,1.05045918854604,53.4666666666667,2.44404037064312,1.41106736590112,48.8,4.61302503786832,2.66333124739176,27.91,3.10889047732467,1.79491875396446,83.7333333333333,9.32165936587115,5.38186254417971,0.646666666666667,0.0416333199893227,0.0240370085030933,1324.387608,14.68169446
"5-B3-bb","5-bb","5","b","B3","bb",213.128754566667,2.54438775553812,1.46900295558272,213.655555566667,3.64086882391593,2.10205659557198,212.667551233333,1.59813465079083,0.922683470835352,53.7333333333333,3.84360941477322,2.2191089302791,53.0666666666667,5.60475988186232,3.23590962653643,30.6333333333333,5.72190818987279,3.30354523370138,91.9,17.1589626726093,9.90673171804573,0.62,0.0916515138991168,0.0529150262212918,1265.017571,18.07018723
"5-B4-bb","5-bb","5","b","B4","bb",206.410256433333,3.4686536432234,2.00262811464061,208.7939668,3.59105482615897,2.07329647055759,202.639730633333,6.14584276745011,3.54830397618444,52.5333333333333,2.44404037064312,1.41106736590112,54.6666666666667,11.6091917605548,6.7025699880303,27.8666666666667,2.61023626006025,1.50702060739431,83.6,7.83070878018076,4.52106182218293,0.506666666666667,0.0230940107675851,0.0133333333333333,1214.494824,26.63301659
"5-B5-bb","5-bb","5","b","B5","bb",218.043285133333,0.671659715242714,0.387782917399208,221.303793066667,0.416509070090415,0.240471623736622,214.297541233333,1.15972299612841,0.669566384000135,56.5333333333333,2.27449628123093,1.31318104023948,55.7333333333333,5.00133315560295,2.88752104369436,29.7566666666667,2.60586517942378,1.50449696281219,89.2666666666667,7.82900589687691,4.52007866204905,0.8,0.06,0.0346410161513775,1272.907958,18.10099587
"5-B6-bb","5-bb","5","b","B6","bb",214.850793666667,2.3961567699901,1.38342175617433,219.615705933333,4.6320165210393,2.67429598531284,210.4388889,2.65572406786353,1.53328300547438,51.2,5.64269439186635,3.25781112609883,43.8666666666667,1.28582010146573,0.742368581710669,32.1133333333333,4.65935975573182,2.69008260922308,96.3333333333333,13.9747391150366,8.06831938992116,0.713333333333333,0.0115470053837925,0.00666666666666667,1282.611538,20.02246913
